Date,Average Price,Volume
18-05-2012,40.81999969482422,573576400
21-05-2012,35.054999351501465,168192700
22-05-2012,32.03500032424927,101786600
23-05-2012,31.80750036239624,73600000
24-05-2012,32.739999771118164,50237200
25-05-2012,32.21750068664551,37149800
29-05-2012,30.164999961853027,78063400
30-05-2012,28.575000286102295,57267900
31-05-2012,28.66249990463257,111639200
01-06-2012,28.28749942779541,41855500
04-06-2012,27.047500133514404,35230300
05-06-2012,26.520000457763672,42473400
06-06-2012,26.392499923706055,61489200
07-06-2012,26.702499866485596,26159500
08-06-2012,26.96250009536743,38034000
11-06-2012,27.27500009536743,28219600
12-06-2012,27.402499675750732,15816800
13-06-2012,27.53250026702881,17102800
14-06-2012,27.90999984741211,16855000
15-06-2012,29.24250030517578,43563800
18-06-2012,30.71500015258789,42978900
19-06-2012,31.582500457763672,30849000
20-06-2012,31.65000009536743,15553600
21-06-2012,31.880000114440918,21875300
22-06-2012,32.74250030517578,74834000
25-06-2012,32.3725004196167,24352900
26-06-2012,32.932498931884766,24858700
27-06-2012,32.37249994277954,28568000
28-06-2012,31.60249948501587,17713300
29-06-2012,31.442500114440918,19526900
02-07-2012,31.074999809265137,14122000
03-07-2012,31.08750009536743,8763600
05-07-2012,31.359999656677246,10032100
06-07-2012,31.582499980926514,10945600
09-07-2012,32.28499937057495,17785200
10-07-2012,31.884999752044678,14269500
11-07-2012,31.139999389648438,13030300
12-07-2012,30.87750005722046,11300700
13-07-2012,30.84749984741211,8108300
16-07-2012,29.364999771118164,24672100
17-07-2012,28.077499866485596,30438600
18-07-2012,28.71500015258789,16841800
19-07-2012,29.134999752044678,13685100
20-07-2012,28.987499713897705,11869100
23-07-2012,28.47000026702881,12390700
24-07-2012,28.705000400543213,11539800
25-07-2012,28.824999809265137,17230200
26-07-2012,27.389999866485596,64597400
27-07-2012,23.43000030517578,123102300
30-07-2012,23.55500030517578,29285900
31-07-2012,22.515000343322754,56179400
01-08-2012,21.199999809265137,44604400
02-08-2012,20.36750030517578,56374500
03-08-2012,20.87750005722046,80647000
06-08-2012,21.6899995803833,27778900
07-08-2012,21.46750020980835,36782900
08-08-2012,20.69999933242798,29537400
09-08-2012,20.885000228881836,15610700
10-08-2012,21.542499542236328,25794700
13-08-2012,21.90000009536743,24973100
14-08-2012,20.90999984741211,39308800
15-08-2012,20.91249990463257,47861100
16-08-2012,20.12000036239624,157565300
17-08-2012,19.53499984741211,129293400
20-08-2012,19.484999656677246,101186600
21-08-2012,19.452499866485596,70640600
22-08-2012,19.322500228881836,49892200
23-08-2012,19.507500171661377,32813700
24-08-2012,19.46500015258789,29622200
27-08-2012,19.317500114440918,20704000
28-08-2012,19.192500114440918,25417000
29-08-2012,19.21749973297119,16124700
30-08-2012,19.21750020980835,30647500
31-08-2012,18.36750030517578,58764200
04-09-2012,17.90749979019165,46622400
05-09-2012,18.445000171661377,60781800
06-09-2012,18.919999599456787,46066500
07-09-2012,19.070000171661377,36371700
10-09-2012,18.90499973297119,24797800
11-09-2012,19.195000171661377,50508200
12-09-2012,20.78250026702881,121584000
13-09-2012,20.9399995803833,65041600
14-09-2012,21.527499675750732,72819800
17-09-2012,22.110000133514404,50667600
18-09-2012,21.705000400543213,36760500
19-09-2012,22.605000495910645,78782800
20-09-2012,22.847500324249268,57248900
21-09-2012,22.917500019073486,51218100
24-09-2012,21.227500438690186,79106500
25-09-2012,20.727499961853027,46291700
26-09-2012,20.33750009536743,38271900
27-09-2012,20.617499828338623,30215900
28-09-2012,21.170000076293945,65486000
01-10-2012,22.09749984741211,51262700
02-10-2012,22.164999961853027,29341400
03-10-2012,22.104999542236328,32000100
04-10-2012,22.019999980926514,46892100
05-10-2012,21.22749948501587,40529300
08-10-2012,20.427499771118164,32236700
09-10-2012,20.28499937057495,27161800
10-10-2012,19.740000247955322,39321800
11-10-2012,19.799999713897705,21817300
12-10-2012,19.637499809265137,18809400
15-10-2012,19.642499923706055,20189700
16-10-2012,19.53749990463257,21834700
17-10-2012,19.807499885559082,44074500
18-10-2012,19.34000015258789,52157400
19-10-2012,18.964999675750732,34835000
22-10-2012,19.25,32447300
23-10-2012,19.41249990463257,78381200
24-10-2012,23.614999771118164,228949900
25-10-2012,22.90749979019165,76142000
26-10-2012,22.274999618530273,73175800
31-10-2012,21.039999961853027,99378200
01-11-2012,21.18499994277954,37713900
02-11-2012,21.300000190734863,38344400
05-11-2012,21.1875,31806700
06-11-2012,21.192500114440918,29062700
07-11-2012,20.660000324249268,33396800
08-11-2012,20.304999828338623,34254600
09-11-2012,19.57499933242798,42295500
12-11-2012,19.56500005722046,67349200
13-11-2012,19.785000324249268,71775100
14-11-2012,21.222500324249268,229751000
15-11-2012,22.164999961853027,78857700
16-11-2012,22.980000019073486,107182200
19-11-2012,23.454999923706055,85021300
20-11-2012,23.107500076293945,46655300
21-11-2012,23.77999973297119,89862400
23-11-2012,24.28499984741211,29520900
26-11-2012,25.445000171661377,123865000
27-11-2012,26.03749990463257,85760600
28-11-2012,26.135000228881836,49205600
29-11-2012,26.875,88759700
30-11-2012,27.505000114440918,127049600
03-12-2012,27.72499990463257,123526100
04-12-2012,27.239999771118164,72869200
05-12-2012,27.65499973297119,58976300
06-12-2012,27.304999828338623,46001500
07-12-2012,27.295000076293945,51751900
10-12-2012,27.570000171661377,50608500
11-12-2012,27.987499713897705,77099100
12-12-2012,27.772500038146973,46704200
13-12-2012,28.00250005722046,81051600
14-12-2012,27.519999980926514,91631600
17-12-2012,26.710000038146973,57742500
18-12-2012,27.369999408721924,60512900
19-12-2012,27.602499961853027,61390300
20-12-2012,27.394999980926514,35574800
21-12-2012,26.512500286102295,54555200
24-12-2012,26.647500038146973,28230100
26-12-2012,26.77500009536743,33175400
27-12-2012,26.229999542236328,43481700
28-12-2012,25.66249990463257,56574800
31-12-2012,26.480000495910645,60374500
02-01-2013,27.760000228881836,69846400
03-01-2013,27.927499771118164,63140600
04-01-2013,28.382500171661377,72715400
07-01-2013,29.137500286102295,83781800
08-01-2013,29.257500171661377,45871300
09-01-2013,30.08750009536743,104787700
10-01-2013,30.90750026702881,95316400
11-01-2013,31.514999866485596,89598000
14-01-2013,31.46500062942505,98892800
15-01-2013,30.582499504089355,173242600
16-01-2013,29.985000133514404,75332700
17-01-2013,30.167500019073486,40256700
18-01-2013,29.920000076293945,49631500
22-01-2013,30.277499675750732,55243300
23-01-2013,31.054999828338623,48899800
24-01-2013,31.16249990463257,43845100
25-01-2013,31.50250005722046,54363600
28-01-2013,32.16749954223633,59682500
29-01-2013,31.392499923706055,72976500
30-01-2013,31.147499561309814,87682100
31-01-2013,30.084999561309814,190744900
01-02-2013,30.34749984741211,85856700
04-02-2013,28.59500026702881,92362200
05-02-2013,28.47499990463257,47948200
06-02-2013,28.93499994277954,38375900
07-02-2013,28.795000076293945,34540100
08-02-2013,28.77999973297119,37708800
11-02-2013,28.39750051498413,37361800
12-02-2013,27.575000286102295,93498700
13-02-2013,27.72499990463257,50164000
14-02-2013,28.289999961853027,35615800
15-02-2013,28.420000076293945,33109300
19-02-2013,28.59000015258789,49396400
20-02-2013,28.6899995803833,42098200
21-02-2013,27.81500005722046,49642300
22-02-2013,27.299999713897705,36350200
25-02-2013,27.304999828338623,34652000
26-02-2013,27.227499961853027,31611700
27-02-2013,27.045000076293945,44319700
28-02-2013,26.932499885559082,83027800
01-03-2013,27.44000005722046,54064800
04-03-2013,27.744999885559082,32400700
05-03-2013,27.697499752044678,40622200
06-03-2013,27.757500171661377,33532600
07-03-2013,28.074999809265137,74540200
08-03-2013,28.147499561309814,44198900
11-03-2013,28.15499973297119,35642100
12-03-2013,27.96250009536743,27569600
13-03-2013,27.317500114440918,39619500
14-03-2013,27.100000381469727,27646400
15-03-2013,26.824999809265137,31597400
18-03-2013,26.357500553131104,26653700
19-03-2013,26.547499656677246,25254200
20-03-2013,26.252500534057617,44006500
21-03-2013,25.767499923706055,24336100
22-03-2013,25.792499542236328,18456300
25-03-2013,25.4399995803833,39199000
26-03-2013,25.199999809265137,26957200
27-03-2013,25.522500038146973,52297400
28-03-2013,25.84000015258789,28585700
01-04-2013,25.582499980926514,22249300
02-04-2013,25.65250015258789,35153300
03-04-2013,26.042500019073486,48195200
04-04-2013,26.757500171661377,82016800
05-04-2013,27.164999961853027,64566600
08-04-2013,26.96750020980835,27256000
09-04-2013,26.619999885559082,21311100
10-04-2013,27.329999923706055,45949400
11-04-2013,27.71250009536743,33368500
12-04-2013,27.65999984741211,28697400
15-04-2013,26.880000114440918,30275400
16-04-2013,26.80999994277954,27365900
17-04-2013,26.71749973297119,26440600
18-04-2013,26.119999885559082,39059000
19-04-2013,25.65999984741211,20380900
22-04-2013,25.960000038146973,25687600
23-04-2013,26.074999809265137,25191500
24-04-2013,26.05999994277954,19729900
25-04-2013,26.152499675750732,17150000
26-04-2013,26.917500495910645,33018000
29-04-2013,27.102499961853027,29201100
30-04-2013,27.44000005722046,36245700
01-05-2013,27.62750005722046,64567600
02-05-2013,28.494999885559082,104257000
03-05-2013,28.642499923706055,58506400
06-05-2013,27.959999561309814,43939400
07-05-2013,27.28499984741211,41259100
08-05-2013,26.987499713897705,34654900
09-05-2013,27.130000114440918,33457200
10-05-2013,26.922499656677246,30847100
13-05-2013,26.820000171661377,29068800
14-05-2013,27.014999866485596,24930300
15-05-2013,26.727499961853027,30299800
16-05-2013,26.264999389648438,35499100
17-05-2013,26.362500190734863,29462700
20-05-2013,25.955000400543213,42402900
21-05-2013,25.800000190734863,26261300
22-05-2013,25.394999980926514,45314500
23-05-2013,25.039999961853027,37663100
24-05-2013,24.582499504089355,58727900
28-05-2013,24.27500057220459,50079700
29-05-2013,23.545000076293945,64237800
30-05-2013,24.34749984741211,60733200
31-05-2013,24.550000190734863,35925000
03-06-2013,24.03749990463257,35733800
04-06-2013,23.664999961853027,34760800
05-06-2013,23.1875,53819700
06-06-2013,22.929999828338623,31260700
07-06-2013,23.145000457763672,38699200
10-06-2013,24.244999885559082,58393000
11-06-2013,24.102500438690186,29885900
12-06-2013,23.942500114440918,26445800
13-06-2013,23.637499809265137,31189300
14-06-2013,23.584999561309814,30677100
17-06-2013,23.982500076293945,33664500
18-06-2013,24.267499923706055,36709100
19-06-2013,24.450000286102295,31790600
20-06-2013,24.144999980926514,42765600
21-06-2013,24.46750020980835,45833900
24-06-2013,23.84500026702881,40626000
25-06-2013,24.21500015258789,24713200
26-06-2013,24.327499866485596,29890300
27-06-2013,24.487499713897705,34694100
28-06-2013,24.739999771118164,96778900
01-07-2013,24.864999771118164,20582200
02-07-2013,24.545000076293945,18394100
03-07-2013,24.399999618530273,10404400
05-07-2013,24.47000026702881,20229500
08-07-2013,24.65999984741211,27064600
09-07-2013,25.267499923706055,30387900
10-07-2013,25.669999599456787,26721800
11-07-2013,25.804999828338623,26777400
12-07-2013,25.78249979019165,16537900
15-07-2013,26.072500228881836,24234000
16-07-2013,26.367499828338623,30817600
17-07-2013,26.52500009536743,21518500
18-07-2013,26.455000400543213,24806900
19-07-2013,25.852499961853027,46539700
22-07-2013,25.97249937057495,27526300
23-07-2013,26.124999523162842,28221600
24-07-2013,26.352499961853027,82635600
25-07-2013,33.882500648498535,365457900
26-07-2013,34.017499923706055,136028900
29-07-2013,34.78499984741211,124718800
30-07-2013,36.640000343322754,173582800
31-07-2013,37.35000038146973,154828700
01-08-2013,37.5,106066500
02-08-2013,37.92500019073486,73058500
05-08-2013,38.797499656677246,79994800
06-08-2013,38.71249961853027,63950800
07-08-2013,38.52999973297119,68854800
08-08-2013,38.822500228881836,41301000
09-08-2013,38.46000003814697,43532300
12-08-2013,38.25500011444092,31161000
13-08-2013,37.58750057220459,65379200
14-08-2013,36.91250038146973,48423900
15-08-2013,36.50250053405762,56521100
16-08-2013,37.11000156402588,45840800
19-08-2013,37.66499996185303,57609600
20-08-2013,38.25749969482422,57995200
21-08-2013,38.42500019073486,46116900
22-08-2013,38.5024995803833,21931200
23-08-2013,39.77750015258789,86442300
26-08-2013,41.19999980926514,94162400
27-08-2013,40.234999656677246,72695100
28-08-2013,40.30999946594238,57918200
29-08-2013,41.187499046325684,58303400
30-08-2013,41.65750026702881,67735100
03-09-2013,41.84499931335449,48774900
04-09-2013,41.849998474121094,42581900
05-09-2013,42.2475004196167,50035400
06-09-2013,43.51250076293945,117535700
09-09-2013,44.222500801086426,75794700
10-09-2013,43.832499504089355,54540300
11-09-2013,44.15750026702881,72328300
12-09-2013,45.13749980926514,68072300
13-09-2013,44.59000110626221,52765300
16-09-2013,43.682498931884766,70424200
17-09-2013,43.859999656677246,91934600
18-09-2013,44.98500061035156,79317000
19-09-2013,45.6924991607666,63972400
20-09-2013,46.78750038146973,115508400
23-09-2013,47.07749938964844,75177000
24-09-2013,48.69499969482422,136716100
25-09-2013,49.172499656677246,87879700
26-09-2013,50.124999046325684,98220100
27-09-2013,50.667500495910645,81410500
30-09-2013,50.4424991607666,100095000
01-10-2013,50.21749973297119,98114000
02-10-2013,50.364999771118164,62834000
03-10-2013,49.85750102996826,82045000
04-10-2013,50.385000228881836,74447000
07-10-2013,50.73500061035156,57204000
08-10-2013,48.85499954223633,136081000
09-10-2013,46.8125,147297000
10-10-2013,48.607500076293945,99774000
11-10-2013,49.23750019073486,58428000
14-10-2013,48.84000015258789,68781000
15-10-2013,49.917500495910645,81167000
16-10-2013,50.58000087738037,64678000
17-10-2013,51.625,71522000
18-10-2013,54.20750045776367,88260000
21-10-2013,54.21249961853027,58235000
22-10-2013,53.49250030517578,83204000
23-10-2013,51.757500648498535,57207000
24-10-2013,52.31500053405762,46775000
25-10-2013,52.562500953674316,45085000
28-10-2013,50.77000045776367,73472000
29-10-2013,50.042500495910645,102143000
30-10-2013,49.492499351501465,127073000
31-10-2013,48.96749973297119,248809000
01-11-2013,50.60249996185303,95033000
04-11-2013,48.84000015258789,80371000
05-11-2013,48.89750003814697,76835000
06-11-2013,49.63499927520752,67889000
07-11-2013,48.49250030517578,97128000
08-11-2013,47.8100004196167,70731000
11-11-2013,46.625,80910000
12-11-2013,46.452500343322754,68196000
13-11-2013,47.4350004196167,79245000
14-11-2013,48.822500228881836,75117000
15-11-2013,49.07749938964844,42453000
18-11-2013,47.23500061035156,85910000
19-11-2013,46.33500003814697,75602000
20-11-2013,46.72500038146973,53933000
21-11-2013,46.96000003814697,34886000
22-11-2013,46.625,40545000
25-11-2013,45.46750068664551,82565000
26-11-2013,45.0674991607666,82016000
27-11-2013,46.16499996185303,44993000
29-11-2013,46.867499351501465,22953900
02-12-2013,46.94000053405762,50774000
03-12-2013,46.74250030517578,32086000
04-12-2013,47.527499198913574,60890000
05-12-2013,48.265000343322754,43855000
06-12-2013,48.5049991607666,42938000
09-12-2013,48.410000801086426,36056000
10-12-2013,49.55000019073486,68479000
11-12-2013,49.927499771118164,65776000
12-12-2013,51.40250015258789,92723000
13-12-2013,52.454999923706055,82641000
16-12-2013,53.61750030517578,85119000
17-12-2013,54.760000228881836,78751000
18-12-2013,55.017499923706055,76003000
19-12-2013,54.63000011444092,89753200
20-12-2013,54.857500076293945,239824000
23-12-2013,56.760000228881836,98297000
24-12-2013,57.93000030517578,46617800
26-12-2013,57.94999980926514,55101000
27-12-2013,56.46249961853027,60466000
30-12-2013,54.3125,68307000
31-12-2013,54.385000228881836,43076200
02-01-2014,54.73750019073486,43195500
03-01-2014,54.94000053405762,38246200
06-01-2014,55.73249912261963,68852600
07-01-2014,57.84749984741211,77207400
08-01-2014,57.867499351501465,56682400
09-01-2014,57.8700008392334,92253300
10-01-2014,57.607500076293945,42449500
13-01-2014,56.86250019073486,63010900
14-01-2014,57.019999504089355,37503600
15-01-2014,57.85499954223633,33663400
16-01-2014,57.32499980926514,34541800
17-01-2014,56.87249946594238,40849200
21-01-2014,57.547499656677246,48669200
22-01-2014,58.1924991607666,61352900
23-01-2014,56.34249973297119,47951800
24-01-2014,55.355000495910645,55200700
27-01-2014,53.76749897003174,73924100
28-01-2014,54.609999656677246,48191200
29-01-2014,54.06999969482422,92995600
30-01-2014,61.53999996185303,150178900
31-01-2014,61.644999504089355,87794600
03-02-2014,62.24499988555908,74866600
04-02-2014,62.4399995803833,45985500
05-02-2014,62.34000015258789,51685100
06-02-2014,61.964999198913574,42086500
07-02-2014,63.34500026702881,60704300
10-02-2014,63.952500343322754,43666100
11-02-2014,64.23749923706055,45675600
12-02-2014,64.61999893188477,47282100
13-02-2014,65.72250175476074,61911700
14-02-2014,67.22249984741211,36694900
18-02-2014,66.9625015258789,43809900
19-02-2014,67.79750061035156,62087100
20-02-2014,68.30000114440918,130928900
21-02-2014,69.17249870300293,70932400
24-02-2014,69.875,76620300
25-02-2014,70.31249809265137,52077000
26-02-2014,69.88000106811523,55322700
27-02-2014,69.29000091552734,41653700
28-02-2014,68.79749870300293,66783700
03-03-2014,67.23250198364258,56824100
04-03-2014,68.49500274658203,42013500
05-03-2014,70.7125015258789,74567700
06-03-2014,71.21499824523926,46026500
07-03-2014,70.38250160217285,38927000
10-03-2014,71.36499977111816,59871600
11-03-2014,71.2874984741211,59408300
12-03-2014,70.27249908447266,46340500
13-03-2014,69.90500068664551,57091000
14-03-2014,68.27499961853027,48227000
17-03-2014,68.12249946594238,52197000
18-03-2014,68.9625015258789,40827000
19-03-2014,68.54249954223633,43981000
20-03-2014,67.50750160217285,44439000
21-03-2014,67.21749877929688,59999900
24-03-2014,65.50250053405762,85696000
25-03-2014,64.9375,68786000
26-03-2014,62.61249828338623,97503900
27-03-2014,60.34000015258789,112650000
28-03-2014,60.65999984741211,67052000
31-03-2014,60.60249996185303,53011000
01-04-2014,61.49499988555908,59291000
02-04-2014,63.01249980926514,66277000
03-04-2014,61.08500003814697,83859000
04-04-2014,58.302499771118164,125214400
07-04-2014,56.572500228881836,108488000
08-04-2014,57.937499046325684,78836000
09-04-2014,60.922499656677246,100215000
10-04-2014,61.02500057220459,114988000
11-04-2014,58.4375,91452000
14-04-2014,59.302499771118164,72325000
15-04-2014,58.48500061035156,108623000
16-04-2014,59.36000061035156,78774000
17-04-2014,59.385000228881836,88040000
21-04-2014,60.27250099182129,60364000
22-04-2014,62.83500003814697,60631000
23-04-2014,62.38749980926514,95908700
24-04-2014,61.97249984741211,138769000
25-04-2014,58.8149995803833,92502000
28-04-2014,56.78999996185303,107758000
29-04-2014,57.09000015258789,75557000
30-04-2014,58.59249973297119,76093000
01-05-2014,61.017499923706055,82429000
02-05-2014,60.957499504089355,54189000
05-05-2014,60.35499954223633,46057000
06-05-2014,59.78750038146973,55901000
07-05-2014,57.929999351501465,78587000
08-05-2014,57.32749938964844,61251000
09-05-2014,57.03000068664551,52584000
12-05-2014,58.92250061035156,48575000
13-05-2014,59.97249984741211,48525000
14-05-2014,59.53999996185303,47429000
15-05-2014,58.519999504089355,56814000
16-05-2014,58.02250099182129,47933000
19-05-2014,58.55749988555908,43034000
20-05-2014,59.107500076293945,53931000
21-05-2014,59.45000076293945,58992000
22-05-2014,60.83500003814697,54200000
23-05-2014,60.84000015258789,38294000
27-05-2014,62.54499912261963,55682000
28-05-2014,63.41499900817871,47795000
29-05-2014,63.8700008392334,42700000
30-05-2014,63.49499988555908,45253500
02-06-2014,62.98750019073486,35996000
03-06-2014,62.807498931884766,32217000
04-06-2014,62.86250019073486,36514000
05-06-2014,63.50749969482422,47352000
06-06-2014,62.875,42442000
09-06-2014,62.602500915527344,37617000
10-06-2014,64.65499877929688,69338000
11-06-2014,65.45000076293945,44242000
12-06-2014,65.16749954223633,55730000
13-06-2014,64.5,29419000
16-06-2014,64.2450008392334,31046000
17-06-2014,64.32749938964844,27715000
18-06-2014,64.97249984741211,35570000
19-06-2014,64.89749908447266,34245000
20-06-2014,64.27999877929688,46466000
23-06-2014,64.89250183105469,34560000
24-06-2014,65.8799991607666,57335000
25-06-2014,66.51750183105469,44308000
26-06-2014,67.50749969482422,47714000
27-06-2014,67.36249732971191,46461000
30-06-2014,67.44999885559082,27102800
01-07-2014,67.86750030517578,33243000
02-07-2014,67.14500045776367,41895000
03-07-2014,66.47750091552734,25203200
07-07-2014,65.82000160217285,28745000
08-07-2014,63.89749813079834,68926000
09-07-2014,64.16250133514404,51432000
10-07-2014,64.14249992370605,44422000
11-07-2014,65.74999809265137,39212000
14-07-2014,67.52499961853027,38537000
15-07-2014,67.36999893188477,44213200
16-07-2014,67.5525016784668,29541600
17-07-2014,66.83250045776367,38188000
18-07-2014,67.46000099182129,42456000
21-07-2014,69.16749954223633,49539000
22-07-2014,69.35249900817871,40398000
23-07-2014,70.49250030517578,78435000
24-07-2014,75.54750061035156,124168000
25-07-2014,75.12750053405762,45917000
28-07-2014,74.85999870300293,41725000
29-07-2014,74.1924991607666,41324000
30-07-2014,74.55249977111816,36853000
31-07-2014,73.31500053405762,43992000
01-08-2014,72.3375015258789,43535000
04-08-2014,73.02750015258789,30777000
05-08-2014,72.91499900817871,34986000
06-08-2014,72.5,30986000
07-08-2014,73.21749877929688,38141000
08-08-2014,73.11249923706055,27202000
11-08-2014,73.46750068664551,24591000
12-08-2014,72.86750030517578,27419000
13-08-2014,73.54750061035156,29266000
14-08-2014,74.08500099182129,22207000
15-08-2014,73.89999961853027,38846600
18-08-2014,74.3174991607666,23974000
19-08-2014,75.04750061035156,26679000
20-08-2014,74.89500045776367,22917000
21-08-2014,74.77250099182129,20102000
22-08-2014,74.30249977111816,20897000
25-08-2014,75.00749969482422,19734000
26-08-2014,75.42000007629395,23993000
27-08-2014,74.96249771118164,36323000
28-08-2014,74.00500106811523,21947000
29-08-2014,74.48750114440918,26241000
02-09-2014,75.80249977111816,34979000
03-09-2014,76.51250076293945,32389000
04-09-2014,76.07499885559082,26676000
05-09-2014,76.58499908447266,29476000
08-09-2014,77.58250045776367,28183000
09-09-2014,77.15749740600586,28882000
10-09-2014,77.10249900817871,29909000
11-09-2014,77.61499977111816,32219000
12-09-2014,77.72500038146973,26676800
15-09-2014,75.60250091552734,49679000
16-09-2014,74.72500038146973,37742000
17-09-2014,76.30249977111816,28693000
18-09-2014,76.90499877929688,23031000
19-09-2014,77.51250267028809,76671000
22-09-2014,76.81999969482422,31961000
23-09-2014,77.32250022888184,36814000
24-09-2014,78.19250106811523,30680000
25-09-2014,77.97249984741211,37533000
26-09-2014,78.13749885559082,28872000
29-09-2014,78.5575008392334,34031000
30-09-2014,79.17499923706055,35899000
01-10-2014,77.51250076293945,55090000
02-10-2014,76.69250106811523,36488000
03-10-2014,77.63000106811523,23340000
06-10-2014,77.37249946594238,25729000
07-10-2014,76.88249969482422,25317000
08-10-2014,76.62749862670898,32976000
09-10-2014,76.70000076293945,32487000
10-10-2014,74.44000053405762,52146000
13-10-2014,73.3799991607666,43938000
14-10-2014,73.45499992370605,50299000
15-10-2014,72.25500106811523,61528000
16-10-2014,71.83749961853027,53529000
17-10-2014,74.98250007629395,76342000
20-10-2014,76.25499725341797,34701000
21-10-2014,78.03499984741211,32252000
22-10-2014,78.76250076293945,41862000
23-10-2014,79.76499938964844,35056000
24-10-2014,80.25249862670898,32248000
27-10-2014,80.39500045776367,30169000
28-10-2014,80.42000007629395,74212000
29-10-2014,75.74249839782715,106120000
30-10-2014,74.35250091552734,83270000
31-10-2014,75.01749801635742,44544000
03-11-2014,74.64249801635742,40727000
04-11-2014,74.85250091552734,39326000
05-11-2014,75.64000129699707,35913000
06-11-2014,75.01499938964844,21383000
07-11-2014,75.46749877929688,20774000
10-11-2014,75.11250114440918,21575100
11-11-2014,74.64249992370605,18715700
12-11-2014,74.42000007629395,26536600
13-11-2014,74.46749877929688,26448500
14-11-2014,74.52999877929688,19476900
17-11-2014,74.66499900817871,28701200
18-11-2014,74.37249946594238,20690500
19-11-2014,73.74750137329102,25441200
20-11-2014,73.22500038146973,19154900
21-11-2014,74.0625,23060400
24-11-2014,73.8125,22103800
25-11-2014,74.92749786376953,32250200
26-11-2014,76.61000061035156,32695300
28-11-2014,77.71749877929688,15992000
01-12-2014,76.11750030517578,31789900
02-12-2014,75.43500137329102,16773900
03-12-2014,75.09749984741211,16689900
04-12-2014,75.07000160217285,14362800
05-12-2014,76.07000160217285,24306400
08-12-2014,76.33749961853027,25733900
09-12-2014,75.93749809265137,25358600
10-12-2014,76.61250114440918,32210500
11-12-2014,77.3125,33462100
12-12-2014,77.72249984741211,28091600
15-12-2014,77.64749908447266,29396500
16-12-2014,75.71500015258789,31554600
17-12-2014,75.60750198364258,29203900
18-12-2014,77.55000114440918,34222100
19-12-2014,79.23999977111816,43335000
22-12-2014,80.85499954223633,31395800
23-12-2014,81.29999923706055,19865800
24-12-2014,80.99499893188477,7685500
26-12-2014,80.89749908447266,10647400
29-12-2014,80.29499816894531,14134700
30-12-2014,79.68999862670898,14370800
31-12-2014,78.80500030517578,19935400
02-01-2015,78.41499900817871,18177500
05-01-2015,77.82000160217285,26452200
06-01-2015,76.58250045776367,27399300
07-01-2015,76.52250099182129,22045300
08-01-2015,77.3075008392334,23961000
09-01-2015,77.93999862670898,21157000
12-01-2015,77.1924991607666,19190200
13-01-2015,76.90250015258789,25179600
14-01-2015,76.48249816894531,25918600
15-01-2015,75.14000129699707,34134000
16-01-2015,74.59499931335449,21791500
20-01-2015,75.77249908447266,22821600
21-01-2015,76.51250076293945,25096700
22-01-2015,77.3125,19519500
23-01-2015,77.6775016784668,16746500
26-01-2015,77.81000137329102,19260800
27-01-2015,76.24999809265137,20110000
28-01-2015,76.69499969482422,53306400
29-01-2015,76.76999855041504,61293500
30-01-2015,76.95500183105469,42649500
02-02-2015,75.24749946594238,41955300
03-02-2015,75.00750160217285,26957700
04-02-2015,75.51999855041504,20277400
05-02-2015,75.62750053405762,15062600
06-02-2015,75.02499961853027,21211000
09-02-2015,74.19250106811523,16194300
10-02-2015,74.96999931335449,15811300
11-02-2015,75.84499931335449,20877400
12-02-2015,76.4625015258789,17235000
13-02-2015,76.04500007629395,18621900
17-02-2015,75.72250175476074,25254400
18-02-2015,76.25,22426400
19-02-2015,78.29999732971191,45851200
20-02-2015,79.74749946594238,36931700
23-02-2015,79.34249877929688,24139100
24-02-2015,78.63249969482422,18897100
25-02-2015,79.18999862670898,25593800
26-02-2015,80.34500122070312,31111900
27-02-2015,79.87500190734863,30739200
02-03-2015,79.28249931335449,21662500
03-03-2015,79.35749816894531,18635000
04-03-2015,80.05000114440918,28126700
05-03-2015,81.3700008392334,27825700
06-03-2015,80.51750183105469,24488600
09-03-2015,79.41500091552734,18925100
10-03-2015,78.21500205993652,23067100
11-03-2015,77.76500129699707,20215700
12-03-2015,78.49750137329102,16093300
13-03-2015,78.42749977111816,18557300
16-03-2015,77.87750053405762,19305400
17-03-2015,78.95999908447266,22170000
18-03-2015,80.14249992370605,36912400
19-03-2015,81.96750068664551,42099500
20-03-2015,83.71500015258789,44466300
23-03-2015,84.15250015258789,27357300
24-03-2015,85.15249824523926,32576500
25-03-2015,84.21499824523926,37436100
26-03-2015,82.90999984741211,32794800
27-03-2015,83.37749862670898,18372600
30-03-2015,83.43999862670898,24527700
31-03-2015,82.70750045776367,19734300
01-04-2015,81.94000053405762,22058200
02-04-2015,81.95249938964844,19664100
06-04-2015,81.7125015258789,19062900
07-04-2015,82.65250015258789,17467000
08-04-2015,82.46249771118164,18966700
09-04-2015,82.29500007629395,15927300
10-04-2015,82.19250106811523,12529700
13-04-2015,82.70000076293945,26883100
14-04-2015,83.20499992370605,19634200
15-04-2015,83.04750061035156,22390900
16-04-2015,82.5,13769700
17-04-2015,81.18500137329102,24215000
20-04-2015,82.2549991607666,28796800
21-04-2015,83.91250038146973,27171900
22-04-2015,84.33499908447266,45548000
23-04-2015,83.62750053405762,73728100
24-04-2015,82.18000030517578,29660400
27-04-2015,82.08500099182129,25446000
28-04-2015,81.16000175476074,23775300
29-04-2015,80.34749984741211,26430300
30-04-2015,79.51499938964844,28999000
01-05-2015,79.02499961853027,24136400
04-05-2015,79.11499977111816,14692000
05-05-2015,78.03250122070312,22311300
06-05-2015,77.98250007629395,28663000
07-05-2015,78.23250007629395,19749400
08-05-2015,78.71750068664551,19943600
11-05-2015,78.36250114440918,18874100
12-05-2015,77.50250053405762,21285300
13-05-2015,78.08500099182129,21512300
14-05-2015,80.20750045776367,49438000
15-05-2015,80.88249969482422,27069900
18-05-2015,80.70499992370605,21613700
19-05-2015,81.03000068664551,17955400
20-05-2015,80.39500045776367,23056900
21-05-2015,80.41750144958496,13402700
22-05-2015,80.61249923706055,19567900
26-05-2015,79.86000061035156,16321300
27-05-2015,80.06000137329102,14160900
28-05-2015,80.36750030517578,11982000
29-05-2015,79.52249908447266,16134600
01-06-2015,79.65750122070312,18119000
02-06-2015,80.27750015258789,18923300
03-06-2015,81.89249992370605,31775000
04-06-2015,82.16250038146973,20863900
05-06-2015,81.9950008392334,16143100
08-06-2015,81.15499877929688,16915500
09-06-2015,80.44499969482422,16497500
10-06-2015,81.60000038146973,21531200
11-06-2015,82.10000038146973,18656800
12-06-2015,81.54749870300293,11417900
15-06-2015,80.56500053405762,18805100
16-06-2015,80.95999908447266,13693700
17-06-2015,81.77750015258789,18350300
18-06-2015,82.32750129699707,26782600
19-06-2015,82.6100025177002,23353200
22-06-2015,84.10750007629395,29383100
23-06-2015,86.39249992370605,50667900
24-06-2015,88.30500030517578,41370200
25-06-2015,88.6200008392334,27302000
26-06-2015,87.82500076293945,38214600
29-06-2015,86.41000175476074,35957900
30-06-2015,86.15999794006348,23016500
01-07-2015,87.02999877929688,25260000
02-07-2015,87.11750030517578,16908800
06-07-2015,87.15500068664551,24635900
07-07-2015,87.0250015258789,33059900
08-07-2015,86.03499984741211,24399300
09-07-2015,86.46500015258789,23307400
10-07-2015,87.5724983215332,23245900
13-07-2015,89.35000038146973,29976700
14-07-2015,90.14750099182129,26627800
15-07-2015,90.04249954223633,30886600
16-07-2015,90.43999862670898,21804100
17-07-2015,93.86250114440918,54001600
20-07-2015,96.93000030517578,54860500
21-07-2015,98.42999839782715,39453300
22-07-2015,96.81999969482422,28299500
23-07-2015,96.16499900817871,29418800
24-07-2015,96.98499870300293,33444900
27-07-2015,95.29750061035156,38585400
28-07-2015,94.74999809265137,35236000
29-07-2015,96.33249855041504,64648300
30-07-2015,94.4325008392334,86211300
31-07-2015,94.80999946594238,46509000
03-08-2015,93.88750076293945,29343100
04-08-2015,93.97750091552734,20136000
05-08-2015,95.98999977111816,29813200
06-08-2015,96.36499977111816,42271300
07-08-2015,94.67250061035156,23199100
10-08-2015,94.84000015258789,21624200
11-08-2015,93.75250244140625,22491000
12-08-2015,93.13000106811523,27050500
13-08-2015,93.89000129699707,17451800
14-08-2015,93.97249984741211,15929700
17-08-2015,94.04999923706055,18313500
18-08-2015,94.78499984741211,22278800
19-08-2015,95.04999923706055,23251300
20-08-2015,92.33249855041504,44598200
21-08-2015,87.09249877929688,62778700
24-08-2015,78.30249786376953,83710700
25-08-2015,85.15499877929688,52021200
26-08-2015,85.96500015258789,45124300
27-08-2015,89.02000045776367,42431400
28-08-2015,90.54000091552734,33215900
31-08-2015,89.99250030517578,32850700
01-09-2015,87.49250030517578,36097400
02-09-2015,89.05499839782715,27190500
03-09-2015,88.8650016784668,27048200
04-09-2015,87.63749885559082,27328700
08-09-2015,89.57250022888184,27012500
09-09-2015,90.84250068664551,32551100
10-09-2015,90.93499946594238,26437400
11-09-2015,91.73500061035156,21185000
14-09-2015,92.20999908447266,20127900
15-09-2015,92.57750129699707,18859400
16-09-2015,93.14499855041504,16321200
17-09-2015,94.03000068664551,27841800
18-09-2015,93.96000099182129,62300000
21-09-2015,95.29500007629395,28790000
22-09-2015,93.33249855041504,36888900
23-09-2015,93.62250137329102,21701400
24-09-2015,93.61999893188477,29106000
25-09-2015,94.11749839782715,28961600
28-09-2015,90.44000053405762,41199900
29-09-2015,87.88749885559082,42281800
30-09-2015,89.09250068664551,36169100
01-10-2015,90.07749938964844,29283700
02-10-2015,90.38500022888184,37881700
05-10-2015,93.47000122070312,27292500
06-10-2015,93.34749984741211,22172800
07-10-2015,92.63500213623047,24129300
08-10-2015,92.01250076293945,27290500
09-10-2015,93.02999877929688,20012900
12-10-2015,93.71249961853027,18449600
13-10-2015,94.17500305175781,19480300
14-10-2015,94.23999977111816,19253400
15-10-2015,95.53750038146973,27557500
16-10-2015,96.66499900817871,25412900
19-10-2015,97.78499984741211,23729900
20-10-2015,97.96999931335449,30881800
21-10-2015,97.28250122070312,21917800
22-10-2015,98.68500137329102,26392100
23-10-2015,101.77750205993652,42809700
26-10-2015,102.83249855041504,25961200
27-10-2015,103.28499984741211,23795500
28-10-2015,103.875,24081500
29-10-2015,104.36999893188477,20316700
30-10-2015,103.2125015258789,33487100
02-11-2015,102.42000007629395,24003900
03-11-2015,102.9625015258789,21242300
04-11-2015,103.43750190734863,43469300
05-11-2015,109.04000091552734,63232900
06-11-2015,107.44750022888184,35084300
09-11-2015,106.89999961853027,26383500
10-11-2015,106.81500053405762,25031700
11-11-2015,108.56500053405762,25057100
12-11-2015,108.47249984741211,20924700
13-11-2015,105.93499946594238,30278400
16-11-2015,103.0,49309200
17-11-2015,105.02249908447266,26807200
18-11-2015,106.70999908447266,23836500
19-11-2015,106.82500076293945,25520600
20-11-2015,107.16250038146973,22129600
23-11-2015,106.92250061035156,19897200
24-11-2015,105.65499877929688,23577300
25-11-2015,105.86000061035156,15150800
27-11-2015,105.51249885559082,5913100
30-11-2015,104.98249816894531,20383200
01-12-2015,105.9000015258789,22781900
02-12-2015,106.69499969482422,24429100
03-12-2015,105.21249771118164,23236500
04-12-2015,105.70750045776367,21224700
07-12-2015,105.8950023651123,15474900
08-12-2015,105.33749961853027,20401800
09-12-2015,105.19250106811523,23517300
10-12-2015,105.32000160217285,17454300
11-12-2015,103.13000106811523,26427700
14-12-2015,103.28750038146973,24648100
15-12-2015,104.98250198364258,21764300
16-12-2015,105.86000061035156,22680500
17-12-2015,106.89749908447266,21675700
18-12-2015,105.17000007629395,35994200
21-12-2015,104.60750007629395,16138800
22-12-2015,105.30000114440918,14597100
23-12-2015,105.12249946594238,19599700
24-12-2015,104.89499855041504,6501800
28-12-2015,105.36499977111816,13069700
29-12-2015,106.91749954223633,17179900
30-12-2015,106.63249969482422,13115000
31-12-2015,105.36250114440918,18391100
04-01-2016,101.53999900817871,37912400
05-01-2016,102.75,23258200
06-01-2016,102.1924991607666,25096200
07-01-2016,99.28750038146973,45172900
08-01-2016,98.68499946594238,35402300
11-01-2016,97.35250091552734,29932400
12-01-2016,98.97000122070312,28395400
13-01-2016,97.95250129699707,33410600
14-01-2016,96.38500022888184,48658600
15-01-2016,94.71750068664551,46132800
19-01-2016,95.78249931335449,30998300
20-01-2016,92.88750076293945,59051400
21-01-2016,94.42000198364258,30518900
22-01-2016,96.97750091552734,30495400
25-01-2016,98.03500175476074,32482000
26-01-2016,97.15999984741211,26877100
27-01-2016,96.07999992370605,58699400
28-01-2016,107.86499786376953,107475300
29-01-2016,110.71999740600586,62739500
01-02-2016,113.77249908447266,46132700
02-02-2016,115.04999923706055,59778600
03-02-2016,113.26249885559082,56919300
04-02-2016,110.8700008392334,38890200
05-02-2016,106.58500099182129,76894700
08-02-2016,100.07500076293945,71229700
09-02-2016,98.97500038146973,62709000
10-02-2016,101.51000022888184,45179400
11-02-2016,101.375,43670600
12-02-2016,102.76999855041504,36176800
16-02-2016,102.39500045776367,45687200
17-02-2016,103.33499908447266,44073400
18-02-2016,104.57500076293945,29593500
19-02-2016,103.54999923706055,32404500
22-02-2016,106.55999946594238,35709700
23-02-2016,106.22500038146973,25319300
24-02-2016,105.19499778747559,34412400
25-02-2016,107.21500015258789,29906300
26-02-2016,108.30749893188477,26686200
29-02-2016,107.54500007629395,32779000
01-03-2016,108.76749992370605,26817300
02-03-2016,109.73749923706055,25670200
03-03-2016,109.66750144958496,21353100
04-03-2016,109.10500144958496,24938900
07-03-2016,106.64750099182129,31436400
08-03-2016,105.6200008392334,25617000
09-03-2016,106.80249977111816,20493300
10-03-2016,107.41500091552734,24854300
11-03-2016,108.8075008392334,20697600
14-03-2016,109.5674991607666,17249400
15-03-2016,109.86249923706055,17618500
16-03-2016,111.3174991607666,24744800
17-03-2016,111.64750099182129,24241200
18-03-2016,111.42499732971191,36256900
21-03-2016,111.72750091552734,18448000
22-03-2016,111.91499900817871,19001100
23-03-2016,112.43500137329102,18562000
24-03-2016,112.48749923706055,17839100
28-03-2016,113.63749885559082,21351800
29-03-2016,114.98250007629395,29825300
30-03-2016,115.69499969482422,33235200
31-03-2016,114.39499855041504,21207500
01-04-2016,114.83249855041504,24760500
04-04-2016,113.19500160217285,48487900
05-04-2016,112.38750076293945,22962400
06-04-2016,113.10249900817871,20814600
07-04-2016,113.84749984741211,20714500
08-04-2016,112.27750015258789,48497800
11-04-2016,109.84249877929688,39762300
12-04-2016,110.02499961853027,26248100
13-04-2016,110.47750091552734,88227400
14-04-2016,110.94000053405762,28473300
15-04-2016,110.14999961853027,20922800
18-04-2016,110.04999732971191,21167200
19-04-2016,111.25,30210500
20-04-2016,112.41999816894531,21027900
21-04-2016,113.08500099182129,20875200
22-04-2016,110.63249969482422,38458200
25-04-2016,109.92749977111816,21017900
26-04-2016,109.47500038146973,22521500
27-04-2016,108.02000045776367,52213100
28-04-2016,118.3325023651123,87110100
29-04-2016,117.01999855041504,37140600
02-05-2016,117.92500114440918,28095200
03-05-2016,117.53249931335449,24117500
04-05-2016,117.38500022888184,23448400
05-05-2016,118.02000045776367,22056700
06-05-2016,118.35000038146973,26395600
09-05-2016,119.48999977111816,21138100
10-05-2016,119.90500068664551,23220000
11-05-2016,120.10750007629395,22038400
12-05-2016,120.0,22035500
13-05-2016,120.12749862670898,18124300
16-05-2016,118.75249862670898,31247800
17-05-2016,118.09499931335449,21328600
18-05-2016,117.36250114440918,21642300
19-05-2016,116.80749893188477,20544100
20-05-2016,117.31249809265137,18944800
23-05-2016,116.73250007629395,20441000
24-05-2016,116.94750022888184,20183600
25-05-2016,118.01749801635742,20019800
26-05-2016,118.84749984741211,18481300
27-05-2016,119.44999885559082,13493600
31-05-2016,119.12249946594238,23547600
01-06-2016,118.54500007629395,15029500
02-06-2016,118.82000160217285,13228300
03-06-2016,118.57250213623047,14135100
06-06-2016,118.80000114440918,12744700
07-06-2016,118.49250030517578,17103000
08-06-2016,118.0049991607666,14505600
09-06-2016,118.26999855041504,13859200
10-06-2016,117.13250160217285,18510800
13-06-2016,114.43499946594238,31718200
14-06-2016,114.38500022888184,17618500
15-06-2016,114.85250091552734,19819400
16-06-2016,113.92500114440918,19236300
17-06-2016,113.60749816894531,24644300
20-06-2016,113.65250015258789,20785400
21-06-2016,114.42000007629395,19166300
22-06-2016,114.22750091552734,14846300
23-06-2016,114.52000045776367,16176900
24-06-2016,111.94250106811523,40643100
27-06-2016,110.08500099182129,36130400
28-06-2016,111.65749931335449,26813800
29-06-2016,113.70500183105469,20968300
30-06-2016,114.44999885559082,23192700
01-07-2016,114.33249855041504,14980000
05-07-2016,113.82749938964844,14207000
06-07-2016,114.95499992370605,24337600
07-07-2016,116.20249938964844,16630200
08-07-2016,116.7549991607666,18142600
11-07-2016,117.94499969482422,17711600
12-07-2016,118.21249961853027,15217700
13-07-2016,117.5625,16207700
14-07-2016,117.28249931335449,14579700
15-07-2016,117.36499977111816,16646000
18-07-2016,118.29750061035156,20868400
19-07-2016,119.77750015258789,21541300
20-07-2016,121.48249816894531,20046500
21-07-2016,121.21999931335449,17801700
22-07-2016,120.30500030517578,18422400
25-07-2016,120.6624984741211,18487400
26-07-2016,121.51000022888184,17612000
27-07-2016,123.0674991607666,52654200
28-07-2016,126.11999893188477,78955800
29-07-2016,124.53499984741211,35058800
01-08-2016,123.89999961853027,25006900
02-08-2016,123.5049991607666,23968400
03-08-2016,122.95749855041504,18525300
04-08-2016,123.6500015258789,21066000
05-08-2016,125.14750099182129,20184000
08-08-2016,125.12750053405762,15233900
09-08-2016,125.25499725341797,19621000
10-08-2016,124.99250030517578,10670100
11-08-2016,125.05749893188477,11729500
12-08-2016,124.68999862670898,12159000
15-08-2016,124.35750007629395,19295100
16-08-2016,123.375,14222400
17-08-2016,123.81500053405762,13794200
18-08-2016,123.95500183105469,12400800
19-08-2016,123.64999961853027,11688300
22-08-2016,123.85500144958496,14386400
23-08-2016,124.55500030517578,13309500
24-08-2016,123.9325008392334,12243700
25-08-2016,123.6200008392334,10730800
26-08-2016,124.52750205993652,17504800
29-08-2016,125.49250030517578,15925900
30-08-2016,126.04749870300293,17804300
31-08-2016,125.76000022888184,14200600
01-09-2016,126.19499778747559,13536100
02-09-2016,126.55500030517578,12118800
06-09-2016,128.20249938964844,26278400
07-09-2016,130.75499725341797,27990800
08-09-2016,130.52000045776367,15676600
09-09-2016,128.4650001525879,27100700
12-09-2016,127.28999900817871,21252800
13-09-2016,127.56250190734863,18016200
14-09-2016,127.58749961853027,15691100
15-09-2016,128.27500343322754,15077200
16-09-2016,128.6624984741211,24119200
19-09-2016,129.18999862670898,14958800
20-09-2016,128.62249755859375,11083800
21-09-2016,129.36750030517578,14068300
22-09-2016,130.21749877929688,15538300
23-09-2016,127.85500144958496,28326300
26-09-2016,127.41000175476074,15064900
27-09-2016,128.18499946594238,15637100
28-09-2016,129.07749938964844,12047600
29-09-2016,128.52749633789062,14532200
30-09-2016,128.08499908447266,18402900
03-10-2016,128.51000213623047,13156900
04-10-2016,128.54750061035156,14307500
05-10-2016,128.3375015258789,12386800
06-10-2016,128.57749938964844,11682700
07-10-2016,128.9025001525879,12804400
10-10-2016,129.95499801635742,15138700
11-10-2016,129.49499893188477,17537900
12-10-2016,129.04500198364258,11073000
13-10-2016,127.75750160217285,17139300
14-10-2016,128.22500038146973,13345300
17-10-2016,127.88249969482422,11351700
18-10-2016,128.6624984741211,13504000
19-10-2016,129.4800033569336,16752300
20-10-2016,130.05750274658203,13167500
21-10-2016,130.92000198364258,19088800
24-10-2016,132.88999938964844,17470200
25-10-2016,132.87749862670898,13336800
26-10-2016,131.46999740600586,13084700
27-10-2016,130.62500381469727,16741400
28-10-2016,131.1724967956543,24545500
31-10-2016,131.5,15669000
01-11-2016,130.375,22077800
02-11-2016,128.47749710083008,39640900
03-11-2016,121.19499969482422,63766300
04-11-2016,120.3799991607666,30545500
07-11-2016,122.38500022888184,23008900
08-11-2016,123.10000038146973,19460800
09-11-2016,122.25,31916000
10-11-2016,121.04500007629395,67846700
11-11-2016,119.3499984741211,32840100
14-11-2016,116.72249984741211,51377000
15-11-2016,117.0625,34681400
16-11-2016,115.72749900817871,32397900
17-11-2016,117.10000038146973,18597800
18-11-2016,117.84499740600586,22879300
21-11-2016,119.92999839782715,35415400
22-11-2016,121.93750190734863,26089200
23-11-2016,120.82999992370605,15672100
25-11-2016,120.64999961853027,8658600
28-11-2016,120.51000213623047,18101300
29-11-2016,120.98500061035156,18891000
30-11-2016,119.61999893188477,30188900
01-12-2016,116.48249816894531,43277000
02-12-2016,115.32250213623047,25070400
05-12-2016,116.5049991607666,20201500
06-12-2016,117.28250122070312,19131200
07-12-2016,117.36749839782715,21913700
08-12-2016,118.50750160217285,22442800
09-12-2016,119.44750022888184,17464700
12-12-2016,118.46999931335449,17805500
13-12-2016,119.32499885559082,29768000
14-12-2016,120.1875,25913100
15-12-2016,120.69499969482422,20139600
16-12-2016,120.38500022888184,25324300
19-12-2016,119.48999977111816,15918100
20-12-2016,119.28999900817871,13684400
21-12-2016,118.90999984741211,10767600
22-12-2016,118.04500007629395,16258600
23-12-2016,117.03249931335449,10890000
27-12-2016,117.62750053405762,12051500
28-12-2016,117.50250053405762,12087400
29-12-2016,116.73499870300293,9934900
30-12-2016,115.8125,18684100
03-01-2017,116.55999946594238,20663900
04-01-2017,118.2975025177002,19630900
05-01-2017,119.69999885559082,19492200
06-01-2017,122.07500076293945,28545300
09-01-2017,124.23000144958496,22880400
10-01-2017,124.73749923706055,17324600
11-01-2017,125.15499877929688,18356500
12-01-2017,125.94000244140625,18653900
13-01-2017,128.11750030517578,24884300
17-01-2017,127.9124984741211,15294500
18-01-2017,127.89999771118164,13145900
19-01-2017,127.89500045776367,12195500
20-01-2017,127.60000038146973,19097200
23-01-2017,128.1099967956543,16593600
24-01-2017,129.25749969482422,15162700
25-01-2017,130.74750137329102,18731300
26-01-2017,132.24750137329102,20020100
27-01-2017,132.22249603271484,19539500
30-01-2017,130.93500137329102,18956100
31-01-2017,130.1675033569336,19790500
01-02-2017,132.4124984741211,50139800
02-02-2017,132.48749923706055,54366400
03-02-2017,131.45750045776367,24804900
06-02-2017,131.3499984741211,17058500
07-02-2017,132.18500137329102,14596400
08-02-2017,133.42000198364258,22390600
09-02-2017,134.11000061035156,16470600
10-02-2017,134.22750091552734,15061900
13-02-2017,134.2874984741211,13526200
14-02-2017,133.68250274658203,14364900
15-02-2017,133.3125,13226500
16-02-2017,133.45000076293945,12831100
17-02-2017,133.5724983215332,12276500
21-02-2017,133.50749969482422,14759100
22-02-2017,134.99250030517578,27360100
23-02-2017,135.42499923706055,18422500
24-02-2017,134.84500122070312,12625700
27-02-2017,135.96749877929688,14306700
28-02-2017,135.97249603271484,16112100
01-03-2017,136.91749954223633,16257000
02-03-2017,136.99499893188477,12294800
03-03-2017,136.8025016784668,11160600
06-03-2017,137.1599998474121,12748200
07-03-2017,137.42250061035156,13527100
08-03-2017,137.47750091552734,10184500
09-03-2017,137.98250198364258,15535300
10-03-2017,138.85250091552734,16314100
13-03-2017,139.16500091552734,10955500
14-03-2017,139.19000625610352,12944000
15-03-2017,139.4000015258789,19344800
16-03-2017,140.04249954223633,13612900
17-03-2017,140.05499649047852,20592800
20-03-2017,139.77250289916992,12099500
21-03-2017,140.0924949645996,29894800
22-03-2017,138.72749710083008,17055400
23-03-2017,139.62249755859375,13022800
24-03-2017,140.29999923706055,16664700
27-03-2017,139.69750213623047,12800500
28-03-2017,141.0199966430664,14679400
29-03-2017,142.2324981689453,16527600
30-03-2017,142.4025001525879,12404000
31-03-2017,142.22000122070312,11478300
03-04-2017,141.875,13564000
04-04-2017,141.73749923706055,12948600
05-04-2017,142.20999908447266,17158100
06-04-2017,141.60250091552734,15103400
07-04-2017,140.94250106811523,11818300
10-04-2017,141.02499771118164,9039400
11-04-2017,140.13999938964844,16638100
12-04-2017,139.7849998474121,11612500
13-04-2017,139.72999954223633,10965600
17-04-2017,140.61999893188477,11519700
18-04-2017,141.18750381469727,14807500
19-04-2017,141.98250198364258,15563900
20-04-2017,143.42250061035156,15968200
21-04-2017,143.50499725341797,12382000
24-04-2017,145.11000061035156,14407200
25-04-2017,146.30499649047852,17767500
26-04-2017,146.8324966430664,12395000
27-04-2017,147.06499862670898,11275100
28-04-2017,150.0875015258789,30652200
01-05-2017,152.04750442504883,25218300
02-05-2017,152.80500030517578,21870400
03-05-2017,152.58500289916992,29782500
04-05-2017,150.31500244140625,36225500
05-05-2017,150.7775001525879,17148500
08-05-2017,150.64750289916992,15827500
09-05-2017,151.19250106811523,17453900
10-05-2017,149.9749984741211,12080700
11-05-2017,150.10249710083008,11841900
12-05-2017,150.2050018310547,9598200
15-05-2017,150.4025001525879,15064700
16-05-2017,149.78250122070312,14550800
17-05-2017,146.48500061035156,28300100
18-05-2017,146.2599983215332,23031600
19-05-2017,148.4650001525879,16187900
22-05-2017,148.1500015258789,12586700
23-05-2017,148.16250228881836,12817800
24-05-2017,149.29999542236328,17862400
25-05-2017,151.20000076293945,19891400
26-05-2017,151.93999862670898,14996200
30-05-2017,152.2224998474121,13226000
31-05-2017,152.1500015258789,18023900
01-06-2017,151.46749877929688,14530600
02-06-2017,152.59750366210938,16854400
05-06-2017,153.84750366210938,12520400
06-06-2017,153.30500030517578,13457100
07-06-2017,153.11999893188477,12066700
08-06-2017,154.15500259399414,17799400
09-06-2017,151.6425018310547,35577700
12-06-2017,147.59249877929688,33170200
13-06-2017,150.2274932861328,20483400
14-06-2017,150.73999786376953,20808800
15-06-2017,148.46999740600586,18994200
16-06-2017,149.91500091552734,22882400
19-06-2017,152.46500396728516,19026500
20-06-2017,152.79500198364258,14743900
21-06-2017,153.05750274658203,15039800
22-06-2017,153.46749877929688,13005500
23-06-2017,153.9099998474121,18027000
26-06-2017,154.8849983215332,18049700
27-06-2017,151.77999877929688,19360800
28-06-2017,151.87250137329102,16719100
29-06-2017,151.18499755859375,23973500
30-06-2017,151.21499633789062,17666000
03-07-2017,150.02499771118164,13862700
05-07-2017,149.5800018310547,14334300
06-07-2017,148.9724998474121,14951800
07-07-2017,150.46750259399414,13615900
10-07-2017,152.6699981689453,13378700
11-07-2017,154.24250030517578,13667700
12-07-2017,157.6875,22739400
13-07-2017,159.04999923706055,13929200
14-07-2017,159.93750381469727,16371200
17-07-2017,159.89249801635742,12858800
18-07-2017,161.41749954223633,23722900
19-07-2017,164.14999771118164,26273600
20-07-2017,164.2849998474121,18523100
21-07-2017,164.3474998474121,14744000
24-07-2017,165.27999877929688,17367000
25-07-2017,164.9224967956543,15383200
26-07-2017,165.43249893188477,35236900
27-07-2017,172.03250122070312,68910700
28-07-2017,171.0,24557600
31-07-2017,170.63000106811523,25478900
01-08-2017,169.8000030517578,14385000
02-08-2017,169.2650032043457,17433800
03-08-2017,168.95999908447266,10793800
04-08-2017,169.33499908447266,10777700
07-08-2017,170.9124984741211,12787800
08-08-2017,171.69499969482422,14393500
09-08-2017,170.54249572753906,10815000
10-08-2017,168.7249984741211,20832700
11-08-2017,167.9250030517578,13791200
14-08-2017,170.30249786376953,12954200
15-08-2017,171.0,8729200
16-08-2017,170.46750259399414,15779900
17-08-2017,168.2400016784668,17216000
18-08-2017,167.28250122070312,15093600
21-08-2017,167.19000244140625,11907500
22-08-2017,168.7349967956543,11391000
23-08-2017,168.7775001525879,9856500
24-08-2017,168.0800018310547,14030400
25-08-2017,167.18500137329102,12614500
28-08-2017,167.04500198364258,8553700
29-08-2017,166.68249893188477,11121000
30-08-2017,168.9749984741211,11138300
31-08-2017,171.1449966430664,17226500
01-09-2017,172.1624984741211,11677600
05-09-2017,170.98250198364258,13210900
06-09-2017,171.26250076293945,13906300
07-09-2017,172.18250274658203,18049500
08-09-2017,172.08250045776367,10998500
11-09-2017,172.99999618530273,12372000
12-09-2017,173.11750030517578,11186300
13-09-2017,172.8224983215332,9119300
14-09-2017,171.5,15615700
15-09-2017,171.27999877929688,15660500
18-09-2017,170.85250091552734,12954000
19-09-2017,171.51499938964844,13168600
20-09-2017,172.10499954223633,12264100
21-09-2017,171.27000045776367,11161400
22-09-2017,170.42499923706055,12097100
25-09-2017,165.74250030517578,41251600
26-09-2017,164.24750137329102,23363300
27-09-2017,166.87249755859375,19242500
28-09-2017,168.22500228881836,12178700
29-09-2017,170.04249954223633,15340400
02-10-2017,170.36999893188477,13392300
03-10-2017,169.79750061035156,8190300
04-10-2017,169.30249786376953,12127900
05-10-2017,170.08250045776367,14580600
06-10-2017,171.14999771118164,13124500
09-10-2017,173.02000045776367,14570400
10-10-2017,172.14749908447266,11341100
11-10-2017,172.21749877929688,11283700
12-10-2017,172.82500076293945,10351000
13-10-2017,173.7599983215332,13658300
16-10-2017,174.5175018310547,11498800
17-10-2017,175.3275032043457,15990100
18-10-2017,176.29249954223633,12752400
19-10-2017,174.5374984741211,14048400
20-10-2017,175.24750137329102,12602200
23-10-2017,173.26499938964844,13852700
24-10-2017,172.21000289916992,12267900
25-10-2017,170.9099998474121,15868200
26-10-2017,171.17250061035156,11833100
27-10-2017,176.0349998474121,30285300
30-10-2017,179.3574981689453,24353200
31-10-2017,180.09250259399414,20174200
01-11-2017,182.12250137329102,40918300
02-11-2017,179.70750045776367,35529900
03-11-2017,178.69499969482422,17822100
06-11-2017,179.37249755859375,13312700
07-11-2017,180.1150016784668,12928200
08-11-2017,179.70249938964844,10494100
09-11-2017,178.52499771118164,12610300
10-11-2017,178.4675064086914,11070200
13-11-2017,178.1525001525879,9523400
14-11-2017,178.0875015258789,9585900
15-11-2017,177.39500045776367,10253700
16-11-2017,179.1699981689453,15607600
17-11-2017,179.2949981689453,13018000
20-11-2017,178.8025016784668,10052400
21-11-2017,180.4724998474121,14504000
22-11-2017,181.08499908447266,10376300
24-11-2017,181.6549949645996,9426300
27-11-2017,182.82749938964844,12344500
28-11-2017,183.06749725341797,14379700
29-11-2017,178.24750137329102,41933500
30-11-2017,176.87749862670898,25307600
01-12-2017,175.23749923706055,20182500
04-12-2017,173.77999877929688,24459400
05-12-2017,171.91749954223633,20184900
06-12-2017,174.30749893188477,20255800
07-12-2017,178.03250122070312,20404500
08-12-2017,180.38750076293945,19883800
11-12-2017,179.3400001525879,13168600
12-12-2017,177.83500289916992,16854100
13-12-2017,178.00250244140625,14615700
14-12-2017,178.67999649047852,13591000
15-12-2017,179.51250076293945,28463100
18-12-2017,180.72000122070312,17265400
19-12-2017,179.43999862670898,14920600
20-12-2017,178.71749877929688,11860500
21-12-2017,177.77999877929688,11600700
22-12-2017,177.02499771118164,8509500
26-12-2017,176.07250213623047,8897300
27-12-2017,177.21749877929688,9496100
28-12-2017,178.12249755859375,12220800
29-12-2017,177.4425048828125,10261500
02-01-2018,179.55749893188477,18151900
03-01-2018,183.16500091552734,16886600
04-01-2018,184.88500213623047,13880900
05-01-2018,186.06749725341797,13574500
08-01-2018,187.67749786376953,17994700
09-01-2018,188.11750030517578,12393100
10-01-2018,187.07500076293945,10529900
11-01-2018,187.98749923706055,9588600
12-01-2018,179.07749557495117,77551300
16-01-2018,179.9199981689453,36183800
17-01-2018,177.99500274658203,27992400
18-01-2018,178.99750137329102,23304900
19-01-2018,181.1699981689453,26826500
22-01-2018,182.99250030517578,21059500
23-01-2018,187.62500381469727,25678800
24-01-2018,188.40500259399414,24334500
25-01-2018,187.6624984741211,17377700
26-01-2018,188.63999938964844,17759200
29-01-2018,187.29999923706055,20453200
30-01-2018,186.18999481201172,20858600
31-01-2018,187.57749938964844,43275100
01-02-2018,191.13000106811523,54211300
02-02-2018,191.62749862670898,26677500
05-02-2018,184.85249710083008,33128200
06-02-2018,181.84750366210938,37758500
07-02-2018,182.33999633789062,27601900
08-02-2018,176.47749710083008,38478300
09-02-2018,173.73749542236328,39887600
12-02-2018,175.7150001525879,32092100
13-02-2018,174.45999908447266,21809400
14-02-2018,176.49750137329102,28929700
15-02-2018,179.45000076293945,20922100
16-02-2018,178.13250350952148,20645300
20-02-2018,176.20999908447266,21204900
21-02-2018,178.07250213623047,23200800
22-02-2018,178.8275032043457,18464200
23-02-2018,181.5224952697754,19007300
26-02-2018,184.5974998474121,17599700
27-02-2018,183.0175018310547,15849800
28-02-2018,180.41000366210938,18783000
01-03-2018,177.36999893188477,23201600
02-03-2018,175.00249862670898,20025900
05-03-2018,178.40999603271484,16189300
06-03-2018,180.76250076293945,15086800
07-03-2018,181.0850067138672,19097300
08-03-2018,182.93749618530273,17225900
09-03-2018,184.4650001525879,18526300
12-03-2018,185.07749938964844,15301200
13-03-2018,183.64750289916992,18067500
14-03-2018,183.22250366210938,16821700
15-03-2018,183.32250213623047,15614300
16-03-2018,184.5800018310547,24403400
19-03-2018,174.1999969482422,88140100
20-03-2018,166.94249725341797,129851800
21-03-2018,167.7224998474121,106598800
22-03-2018,166.25250244140625,73743000
23-03-2018,162.6125030517578,53609700
26-03-2018,157.75000381469727,126116600
27-03-2018,155.53250122070312,79117000
28-03-2018,152.8400001525879,60029200
29-03-2018,157.62499618530273,59434300
02-04-2018,156.62749862670898,36796000
03-04-2018,155.2150001525879,42543900
04-04-2018,153.29999923706055,49885600
05-04-2018,159.77999877929688,41449600
06-04-2018,158.28999710083008,41644800
09-04-2018,158.07999801635742,34915200
10-04-2018,161.48999404907227,57889300
11-04-2018,165.89500045776367,56144600
12-04-2018,165.3499984741211,38263000
13-04-2018,164.6425018310547,19990600
16-04-2018,164.93000030517578,18119400
17-04-2018,167.28750228881836,22743000
18-04-2018,166.78250122070312,20969600
19-04-2018,166.95750045776367,22235000
20-04-2018,167.07749557495117,19119400
23-04-2018,166.6624984741211,23088100
24-04-2018,162.35250091552734,35079900
25-04-2018,159.27000045776367,41083600
26-04-2018,173.6125030517578,77556900
27-04-2018,175.0250015258789,29804700
30-04-2018,173.30500030517578,20750500
01-05-2018,172.5275001525879,26025900
02-05-2018,175.6500015258789,30424500
03-05-2018,174.3474998474121,24026100
04-05-2018,174.93249893188477,17677800
07-05-2018,177.99750137329102,18697200
08-05-2018,178.32999801635742,15577200
09-05-2018,181.02999877929688,23282800
10-05-2018,184.32749938964844,21071400
11-05-2018,186.08500289916992,21207800
14-05-2018,187.10250091552734,15646700
15-05-2018,184.42250061035156,15429400
16-05-2018,183.47000122070312,16975500
17-05-2018,183.17999649047852,14840700
18-05-2018,183.24250030517578,13130500
21-05-2018,184.17250442504883,13532900
22-05-2018,184.3949966430664,12731400
23-05-2018,184.62249755859375,16628100
24-05-2018,185.9099998474121,12354700
25-05-2018,185.43000030517578,10965100
29-05-2018,185.1500015258789,16398900
30-05-2018,186.86499786376953,13736900
31-05-2018,189.96249771118164,30782600
01-06-2018,193.42000579833984,17307200
04-06-2018,192.64249801635742,18939800
05-06-2018,193.7150001525879,15544300
06-06-2018,191.00249862670898,22558900
07-06-2018,189.16749954223633,21503200
08-06-2018,188.1349983215332,12677100
11-06-2018,190.4375,12928900
12-06-2018,192.35249710083008,11562700
13-06-2018,192.8900032043457,15853800
14-06-2018,195.0250015258789,19120900
15-06-2018,195.8375015258789,21860900
18-06-2018,196.7050018310547,16826000
19-06-2018,196.37000274658203,19994000
20-06-2018,200.8650016784668,28230900
21-06-2018,201.93499755859375,19045700
22-06-2018,201.1125030517578,17420200
25-06-2018,197.3650016784668,25275100
26-06-2018,197.98250198364258,17897600
27-06-2018,197.89249801635742,18734400
28-06-2018,195.50249481201172,18172400
29-06-2018,195.80000686645508,15811600
02-07-2018,195.0999984741211,13961600
03-07-2018,193.79999923706055,13489500
05-07-2018,196.46749877929688,19684200
06-07-2018,200.75499725341797,19740100
09-07-2018,204.39749908447266,18149400
10-07-2018,203.80249786376953,13190100
11-07-2018,202.75249862670898,12927400
12-07-2018,205.15499877929688,15454700
13-07-2018,207.50249862670898,11486800
16-07-2018,207.5724983215332,11078200
17-07-2018,207.54750061035156,15349900
18-07-2018,209.65250396728516,15334900
19-07-2018,208.6525001525879,11350400
20-07-2018,209.69750213623047,16163900
23-07-2018,210.47750091552734,16732000
24-07-2018,214.64500045776367,28468700
25-07-2018,216.5275001525879,58954200
26-07-2018,176.25749969482422,169803700
27-07-2018,176.9224967956543,60073700
30-07-2018,172.05500030517578,65280800
31-07-2018,171.87250137329102,40356500
01-08-2018,172.88999557495117,34042100
02-08-2018,173.52749633789062,32400000
03-08-2018,177.61750030517578,24763400
06-08-2018,182.20750045776367,49716200
07-08-2018,185.58250045776367,33398600
08-08-2018,185.1349983215332,22205200
09-08-2018,184.49750137329102,19732100
10-08-2018,180.95499801635742,21500400
13-08-2018,180.41500091552734,17423300
14-08-2018,180.60750198364258,19102000
15-08-2018,178.62999725341797,33020200
16-08-2018,177.40749740600586,31351800
17-08-2018,174.13999938964844,24893200
20-08-2018,173.00500106811523,21518000
21-08-2018,172.74749755859375,19578500
22-08-2018,173.05500411987305,16894100
23-08-2018,173.59249877929688,18053600
24-08-2018,174.02249908447266,14631600
27-08-2018,176.97750091552734,17921900
28-08-2018,177.10750198364258,15910700
29-08-2018,175.93499755859375,18494100
30-08-2018,177.25749588012695,24216500
31-08-2018,176.3699951171875,18065200
04-09-2018,171.8375015258789,29809000
05-09-2018,168.61750030517578,31226700
06-09-2018,164.12249755859375,41514800
07-09-2018,162.0349998474121,24300600
10-09-2018,163.71499633789062,20197700
11-09-2018,165.19750213623047,20457100
12-09-2018,162.88500213623047,24078100
13-09-2018,161.88500213623047,25453800
14-09-2018,161.80500030517578,21770400
17-09-2018,161.08250045776367,21005300
18-09-2018,160.07999801635742,22465200
19-09-2018,161.51499938964844,19629000
20-09-2018,165.36000061035156,18936000
21-09-2018,164.90749740600586,45994800
24-09-2018,163.25500106811523,19222800
25-09-2018,163.4099998474121,27622800
26-09-2018,166.19000244140625,25252200
27-09-2018,168.84250259399414,27266900
28-09-2018,166.0349998474121,34265600
01-10-2018,163.1525001525879,26407700
02-10-2018,160.4650001525879,36031000
03-10-2018,161.40499877929688,23109500
04-10-2018,159.7800064086914,25739600
05-10-2018,158.4099998474121,25744000
08-10-2018,156.37999725341797,24046000
09-10-2018,158.39999771118164,18844400
10-10-2018,154.3000030517578,30610000
11-10-2018,151.8625030517578,35338900
12-10-2018,154.66500091552734,25293500
15-10-2018,153.74000549316406,15433500
16-10-2018,157.1624984741211,19180100
17-10-2018,159.35499954223633,17592000
18-10-2018,156.34249877929688,21675100
19-10-2018,155.2025032043457,19761300
22-10-2018,155.33499908447266,15424700
23-10-2018,152.80750274658203,19095000
24-10-2018,150.14249801635742,27744600
25-10-2018,149.4724998474121,22105700
26-10-2018,145.99750137329102,31303300
29-10-2018,144.61249923706055,31336800
30-10-2018,143.13500213623047,50528300
31-10-2018,153.0374984741211,60101300
01-11-2018,151.34250259399414,25640800
02-11-2018,151.31000518798828,24708700
05-11-2018,149.10250091552734,15971200
06-11-2018,149.55500030517578,16667100
07-11-2018,151.48500061035156,21877400
08-11-2018,149.01000213623047,24145800
09-11-2018,145.88500213623047,17326900
12-11-2018,142.88999938964844,18542100
13-11-2018,142.66500091552734,15141700
14-11-2018,143.76250076293945,22068400
15-11-2018,142.9625015258789,30320300
16-11-2018,140.03500366210938,37250600
19-11-2018,134.53000259399414,44362700
20-11-2018,130.11749839782715,41939500
21-11-2018,135.13500213623047,25469700
23-11-2018,132.78499603271484,11886100
26-11-2018,134.79000091552734,24263600
27-11-2018,135.2675018310547,20750300
28-11-2018,135.4199981689453,29847500
29-11-2018,137.5625,24238700
30-11-2018,139.29999923706055,25732600
03-12-2018,142.13249588012695,24819200
04-12-2018,139.80249786376953,30307400
06-12-2018,136.7050018310547,28218100
07-12-2018,138.54999923706055,21195500
10-12-2018,140.87750244140625,26422200
11-12-2018,142.73500442504883,20300300
12-12-2018,144.31999969482422,23696900
13-12-2018,144.90500259399414,18148600
14-12-2018,143.97999572753906,21785800
17-12-2018,141.6525001525879,24334000
18-12-2018,142.625,24709100
19-12-2018,137.96500396728516,57404900
20-12-2018,132.41749954223633,40297900
21-12-2018,129.16499710083008,56901500
24-12-2018,124.97999954223633,22066000
26-12-2018,130.07749938964844,39723400
27-12-2018,132.90500259399414,31202500
28-12-2018,134.16499710083008,22627600
31-12-2018,132.53249740600586,24625300
02-01-2019,132.68499755859375,28146200
03-01-2019,133.68000030517578,22717900
04-01-2019,135.92749786376953,29002100
07-01-2019,137.5974998474121,20089300
08-01-2019,141.27499771118164,26263800
09-01-2019,143.2874984741211,22205900
10-01-2019,143.1699981689453,16125000
11-01-2019,143.72000122070312,12908000
14-01-2019,143.80750274658203,20520300
15-01-2019,147.90749740600586,24069000
16-01-2019,148.2974967956543,18025700
17-01-2019,147.6875,15787900
18-01-2019,150.19249725341797,31029600
22-01-2019,148.66749954223633,22378700
23-01-2019,146.11000061035156,20098400
24-01-2019,144.85750198364258,20955500
25-01-2019,148.21499633789062,22237200
28-01-2019,147.67250442504883,15508500
29-01-2019,145.95249938964844,17632100
30-01-2019,148.3224983215332,44613200
31-01-2019,167.24250030517578,77233600
01-02-2019,166.5775032043457,30806500
04-02-2019,166.96749877929688,20036000
05-02-2019,170.24499893188477,22557000
06-02-2019,170.85750198364258,13281200
07-02-2019,167.2675018310547,17517600
08-02-2019,165.84500122070312,12561400
11-02-2019,166.76749801635742,12811200
12-02-2019,166.18499755859375,16292300
13-02-2019,164.85000228881836,14205100
14-02-2019,163.56499862670898,12755200
15-02-2019,163.14249801635742,15504400
19-02-2019,161.81749725341797,14345400
20-02-2019,162.44499969482422,11770700
21-02-2019,160.9499969482422,15607800
22-02-2019,161.29750061035156,15858500
25-02-2019,164.16500091552734,18737100
26-02-2019,164.62750244140625,13784100
27-02-2019,162.5124969482422,12697500
28-02-2019,162.0449981689453,11114200
01-03-2019,162.4250030517578,11097800
04-03-2019,165.64999771118164,18894700
05-03-2019,169.26499938964844,28187900
06-03-2019,172.5625,21531700
07-03-2019,169.99500274658203,18306500
08-03-2019,167.8474998474121,13184800
11-03-2019,172.38750457763672,18884000
12-03-2019,172.25749969482422,12155300
13-03-2019,172.95999908447266,11973300
14-03-2019,169.80999755859375,18037400
15-03-2019,165.80749893188477,37135400
18-03-2019,161.80500030517578,37524200
19-03-2019,161.92250442504883,25611500
20-03-2019,163.57500076293945,20211500
21-03-2019,165.2775001525879,16223000
22-03-2019,165.37499618530273,16389200
25-03-2019,164.4574966430664,12631200
26-03-2019,167.70750045776367,15437900
27-03-2019,166.86249923706055,10620300
28-03-2019,165.0425033569336,10443000
29-03-2019,166.27000045776367,13455500
01-04-2019,168.17749786376953,10381500
02-04-2019,172.1974983215332,23946500
03-04-2019,174.73749923706055,27391100
04-04-2019,176.3925018310547,17847700
05-04-2019,176.1750030517578,9594100
08-04-2019,174.96749877929688,7297400
09-04-2019,176.98500061035156,19751000
10-04-2019,177.8324966430664,11701500
11-04-2019,177.7874984741211,8071000
12-04-2019,178.67000198364258,12329800
15-04-2019,178.87999725341797,10834800
16-04-2019,179.08499908447266,11215200
17-04-2019,179.37000274658203,9973700
18-04-2019,178.32500076293945,11655600
22-04-2019,179.9025001525879,13389900
23-04-2019,183.05500030517578,19954800
24-04-2019,183.4650001525879,37289900
25-04-2019,195.2099952697754,54148800
26-04-2019,191.49499893188477,22075000
29-04-2019,192.9474983215332,19641300
30-04-2019,194.31499862670898,23494700
01-05-2019,194.24999618530273,15996600
02-05-2019,192.31999969482422,13209500
03-05-2019,194.93000411987305,14575400
06-05-2019,192.4875030517578,13994900
07-05-2019,190.76499938964844,16253000
08-05-2019,189.54999923706055,12505700
09-05-2019,187.96999740600586,12967000
10-05-2019,187.7949981689453,12578500
13-05-2019,182.82749557495117,16833300
14-05-2019,181.21000289916992,17628100
15-05-2019,183.49750137329102,16746900
16-05-2019,186.4175033569336,12953100
17-05-2019,185.5,10485400
20-05-2019,182.54999923706055,10352000
21-05-2019,184.74500274658203,7502800
22-05-2019,185.10000228881836,9213800
23-05-2019,181.71499633789062,12768800
24-05-2019,181.9625015258789,8807700
28-05-2019,183.00249862670898,14843300
29-05-2019,182.9000015258789,12797700
30-05-2019,182.61499786376953,8581500
31-05-2019,178.86249923706055,15226500
03-06-2019,168.80249786376953,56059600
04-06-2019,165.08250045776367,46044300
05-06-2019,167.25,19758300
06-06-2019,168.38999938964844,12446400
07-06-2019,171.55749893188477,16917300
10-06-2019,175.30750274658203,14767900
11-06-2019,178.33749771118164,15266600
12-06-2019,176.3925018310547,17699800
13-06-2019,176.4099998474121,12253600
14-06-2019,180.9199981689453,16773700
17-06-2019,186.9824981689453,29459900
18-06-2019,191.06999969482422,37571400
19-06-2019,186.78250122070312,21417100
20-06-2019,189.81999969482422,14635700
21-06-2019,190.1599998474121,22751200
24-06-2019,192.6425018310547,15509000
25-06-2019,190.74750137329102,16750300
26-06-2019,188.81749725341797,12808600
27-06-2019,191.63250350952148,11159000
28-06-2019,191.67250061035156,16378900
01-07-2019,193.85499954223633,14181800
02-07-2019,193.9275016784668,9050000
03-07-2019,195.72999954223633,10246100
05-07-2019,195.95499801635742,11164100
08-07-2019,195.31749725341797,9723900
09-07-2019,197.13250350952148,14698600
10-07-2019,201.3400001525879,20571700
11-07-2019,202.125,13678500
12-07-2019,202.25249862670898,15366300
15-07-2019,203.8275032043457,16030300
16-07-2019,204.07500076293945,12132700
17-07-2019,202.9824981689453,12083700
18-07-2019,200.69499969482422,11937900
19-07-2019,200.23500061035156,12098300
22-07-2019,200.90250396728516,13589000
23-07-2019,202.60000228881836,14583700
24-07-2019,201.0800018310547,32532500
25-07-2019,203.58250045776367,39889900
26-07-2019,199.7675018310547,24434000
29-07-2019,197.46750259399414,16530800
30-07-2019,196.1599998474121,11903600
31-07-2019,195.6549949645996,14593500
01-08-2019,194.0625,17777000
02-08-2019,190.2025032043457,15297000
05-08-2019,182.8574981689453,23086700
06-08-2019,184.2699966430664,18035700
07-08-2019,184.08499908447266,15833200
08-08-2019,187.79249954223633,14828900
09-08-2019,188.98749923706055,11058800
12-08-2019,186.06750106811523,10930900
13-08-2019,187.68000030517578,13577000
14-08-2019,182.7025032043457,18903700
15-08-2019,181.69249725341797,12925900
16-08-2019,183.72750091552734,12654600
19-08-2019,186.13249969482422,9691200
20-08-2019,184.4124984741211,10083400
21-08-2019,184.39749908447266,8398200
22-08-2019,182.37249755859375,10821400
23-08-2019,179.59500122070312,17323400
26-08-2019,179.625,8773600
27-08-2019,182.06999588012695,14399600
28-08-2019,180.78999710083008,9386100
29-08-2019,184.72250366210938,10128700
30-08-2019,185.6775016784668,10774500
03-09-2019,183.54249954223633,9779400
04-09-2019,185.8574981689453,11308000
05-09-2019,189.68249893188477,13876700
06-09-2019,188.56500625610352,15226800
09-09-2019,187.82999801635742,14722400
10-09-2019,186.56500244140625,15455900
11-09-2019,187.61750411987305,11761700
12-09-2019,188.87249755859375,11419800
13-09-2019,187.25749969482422,11441100
16-09-2019,186.67749786376953,8444800
17-09-2019,187.1500015258789,9671100
18-09-2019,187.82999801635742,9681900
19-09-2019,189.51250076293945,10392700
20-09-2019,190.45249938964844,19934200
23-09-2019,187.86750411987305,13327600
24-09-2019,184.4224967956543,18546600
25-09-2019,181.3849983215332,18068300
26-09-2019,180.12749862670898,16083300
27-09-2019,178.50250244140625,14656200
30-09-2019,177.86750030517578,10740000
01-10-2019,177.4199981689453,17073000
02-10-2019,174.76499938964844,16151700
03-10-2019,177.1050033569336,16086300
04-10-2019,179.77000045776367,10430200
07-10-2019,179.73749542236328,9178300
08-10-2019,178.52499771118164,9466900
09-10-2019,179.4175033569336,7556900
10-10-2019,180.28250122070312,8605000
11-10-2019,183.74250030517578,14930500
14-10-2019,183.66749954223633,7006000
15-10-2019,186.68250274658203,15039100
16-10-2019,188.61750030517578,10516900
17-10-2019,190.07500076293945,9603000
18-10-2019,187.87250137329102,16874200
21-10-2019,188.36499786376953,8122600
22-10-2019,186.12249755859375,19537600
23-10-2019,184.1349983215332,12300400
24-10-2019,185.13249969482422,11413500
25-10-2019,186.95249938964844,8061200
28-10-2019,187.80249786376953,13657900
29-10-2019,190.5,13574900
30-10-2019,188.55999755859375,28734600
31-10-2019,193.6724967956543,42286500
01-11-2019,192.62250137329102,21711800
04-11-2019,195.11249923706055,16371300
05-11-2019,194.76000213623047,9942000
06-11-2019,192.82500076293945,10973000
07-11-2019,191.31000137329102,13473000
08-11-2019,190.71999740600586,10760800
11-11-2019,189.53999710083008,8631200
12-11-2019,192.31750106811523,17615500
13-11-2019,194.08250045776367,10860700
14-11-2019,192.88999557495117,9040500
15-11-2019,194.51000213623047,11524300
18-11-2019,195.9099998474121,16167200
19-11-2019,198.39500045776367,19056800
20-11-2019,197.77749633789062,12355400
21-11-2019,197.8249969482422,12131000
22-11-2019,198.53000259399414,9959800
25-11-2019,199.88249969482422,15272300
26-11-2019,199.28999710083008,11735500
27-11-2019,201.11499786376953,12736600
29-11-2019,202.06250381469727,7985200
02-12-2019,200.51499938964844,11503400
03-12-2019,197.60750198364258,11595300
04-12-2019,199.19750213623047,8456300
05-12-2019,199.68000030517578,9740400
06-12-2019,200.79500198364258,12270600
09-12-2019,201.33499908447266,11954800
10-12-2019,201.18249893188477,9475700
11-12-2019,201.36249923706055,8036800
12-12-2019,199.21500396728516,23734800
13-12-2019,195.11999893188477,18798000
16-12-2019,196.77999877929688,14911500
17-12-2019,198.0900001525879,10175700
18-12-2019,201.74499893188477,23274400
19-12-2019,204.4124984741211,16514600
20-12-2019,206.22999954223633,27306900
23-12-2019,206.78749465942383,13348900
24-12-2019,205.80249786376953,6046300
26-12-2019,206.62250137329102,9350700
27-12-2019,208.0724983215332,10284200
30-12-2019,206.01749801635742,10524300
31-12-2019,204.60250091552734,8953500
02-01-2020,208.14749908447266,12077100
03-01-2020,208.30749893188477,11188400
06-01-2020,209.6500015258789,17058900
07-01-2020,213.0525016784668,14912400
08-01-2020,214.2675018310547,13475000
09-01-2020,217.625,12642800
10-01-2020,218.63999938964844,12119400
13-01-2020,220.67250442504883,14463400
14-01-2020,220.42000198364258,13288900
15-01-2020,220.8949966430664,10036500
16-01-2020,221.84000396728516,10015300
17-01-2020,221.74749755859375,15905900
21-01-2020,221.27249908447266,14275800
22-01-2020,221.91500091552734,12212800
23-01-2020,220.31750106811523,11195000
24-01-2020,219.15750122070312,11905800
27-01-2020,214.13249969482422,13810700
28-01-2020,216.54750061035156,13413800
29-01-2020,221.82999801635742,33181300
30-01-2020,208.05999755859375,48775500
31-01-2020,205.02249908447266,31359900
03-02-2020,203.81750106811523,15495600
04-02-2020,208.0625,19628900
05-02-2020,211.01499938964844,12538200
06-02-2020,210.4625015258789,10567500
07-02-2020,211.34500122070312,12242500
10-02-2020,212.26000213623047,11856400
11-02-2020,208.6875,25030800
12-02-2020,209.30749893188477,13813700
13-02-2020,211.54249954223633,15396600
14-02-2020,213.93999481201172,10741700
18-02-2020,215.68249893188477,15609200
19-02-2020,217.4775047302246,12135100
20-02-2020,215.7050018310547,13109200
21-02-2020,211.68249893188477,14092300
24-02-2020,201.08499908447266,23080100
25-02-2020,199.61750030517578,21433500
26-02-2020,197.77250289916992,16524500
27-02-2020,191.7375030517578,21682600
28-02-2020,187.43250274658203,32568900
02-03-2020,193.97250366210938,24949000
03-03-2020,190.8300018310547,27984100
04-03-2020,189.7874984741211,23062500
05-03-2020,186.20750045776367,19333400
06-03-2020,179.86499786376953,24559600
09-03-2020,169.82250213623047,29949000
10-03-2020,175.1624984741211,24517800
11-03-2020,171.94750213623047,20373900
12-03-2020,158.73749923706055,43266300
13-03-2020,165.54999923706055,35028600
16-03-2020,150.1400032043457,39120400
17-03-2020,148.5250015258789,34255600
18-03-2020,142.99750137329102,37553100
19-03-2020,151.11999893188477,39862300
20-03-2020,153.25500106811523,32568400
23-03-2020,148.0800018310547,29830800
24-03-2020,157.5175018310547,30440400
25-03-2020,157.79500198364258,35184300
26-03-2020,160.6525001525879,26556800
27-03-2020,157.4574966430664,24879900
30-03-2020,162.4849967956543,22515200
31-03-2020,166.85249710083008,23676300
01-04-2020,160.85249710083008,19507600
02-04-2020,158.6400032043457,20886300
03-04-2020,155.01749801635742,25983300
06-04-2020,162.60249710083008,28453600
07-04-2020,170.00499725341797,31411900
08-04-2020,172.06750106811523,21664200
09-04-2020,174.93500137329102,23534300
13-04-2020,173.22749710083008,19355400
14-04-2020,178.74999618530273,21011800
15-04-2020,175.7925033569336,17423000
16-04-2020,176.18999862670898,23593200
17-04-2020,178.84500122070312,20974800
20-04-2020,178.2300033569336,16110700
21-04-2020,172.44250106811523,24850500
22-04-2020,180.9124984741211,33242000
23-04-2020,184.85250091552734,21426600
24-04-2020,186.13500213623047,28792000
27-04-2020,190.3300018310547,29197800
28-04-2020,185.83250045776367,21731000
29-04-2020,193.00749969482422,45954500
30-04-2020,205.72250366210938,46230100
01-05-2020,202.5500030517578,30415600
04-05-2020,202.53249740600586,19250700
05-05-2020,207.74250411987305,21071200
06-05-2020,208.7125015258789,21857000
07-05-2020,210.76499938964844,15152000
08-05-2020,212.16250610351562,12506000
11-05-2020,212.3599967956543,12911900
12-05-2020,212.16749954223633,14704600
13-05-2020,206.85499954223633,20684600
14-05-2020,204.24749755859375,17178900
15-05-2020,207.9025001525879,19383200
18-05-2020,212.72999954223633,20151900
19-05-2020,215.86750411987305,31843200
20-05-2020,227.0,50162900
21-05-2020,233.62749862670898,47782600
22-05-2020,232.78750228881836,33925600
26-05-2020,236.1349983215332,33178300
27-05-2020,227.47500228881836,34697600
28-05-2020,226.34750366210938,29377200
29-05-2020,225.16500091552734,23241500
01-06-2020,228.11000061035156,18223800
02-06-2020,230.80500030517578,20919000
03-06-2020,230.86249923706055,15380300
04-06-2020,228.02249908447266,17041500
05-06-2020,228.53500366210938,16750400
08-06-2020,229.8474998474121,15466500
09-06-2020,235.09250259399414,27462900
10-06-2020,238.54500198364258,20720700
11-06-2020,227.70249938964844,26708200
12-06-2020,228.6599998474121,22091400
15-06-2020,229.04000091552734,15340300
16-06-2020,236.0625,15236700
17-06-2020,234.96249771118164,19578100
18-06-2020,234.80500030517578,15782500
19-06-2020,238.23999786376953,30081300
22-06-2020,238.8474998474121,18917800
23-06-2020,242.1425018310547,24017900
24-06-2020,237.77999877929688,20834900
25-06-2020,235.08499908447266,18704300
26-06-2020,224.30249786376953,76343900
29-06-2020,214.5625,58514300
30-06-2020,223.40750122070312,33927100
01-07-2020,233.1525001525879,43399700
02-07-2020,236.25749969482422,30633600
06-07-2020,236.67749786376953,26206200
07-07-2020,241.68500137329102,27887800
08-07-2020,241.31750106811523,29791300
09-07-2020,243.81750106811523,22174900
10-07-2020,243.39250564575195,22982700
13-07-2020,243.6449966430664,24674900
14-07-2020,237.21249771118164,23378100
15-07-2020,241.1750030517578,19133600
16-07-2020,239.25499725341797,18880700
17-07-2020,241.26250076293945,18152400
20-07-2020,241.79249954223633,20872200
21-07-2020,243.7400016784668,19364200
22-07-2020,240.03749465942383,15427900
23-07-2020,236.60000228881836,21771800
24-07-2020,230.32250213623047,18325800
27-07-2020,232.68500137329102,13163100
28-07-2020,232.38500213623047,14170100
29-07-2020,232.1099967956543,13588300
30-07-2020,232.1525001525879,20615300
31-07-2020,253.58500289916992,53005100
03-08-2020,252.58499908447266,23124900
04-08-2020,250.40499877929688,17183500
05-08-2020,249.8375015258789,13050100
06-08-2020,257.39749908447266,45241600
07-08-2020,268.70999908447266,72766400
10-08-2020,266.14749908447266,30248800
11-08-2020,259.3425064086914,28238300
12-08-2020,260.2174987792969,21415700
13-08-2020,261.8949966430664,17374000
14-08-2020,261.2199935913086,14792700
17-08-2020,261.79000091552734,13351100
18-08-2020,261.9250030517578,18690400
19-08-2020,263.3100051879883,23291500
20-08-2020,265.4000015258789,20299700
21-08-2020,268.15250396728516,15538600
24-08-2020,272.12000274658203,23685600
25-08-2020,276.64500427246094,42127200
26-08-2020,294.14500427246094,69015200
27-08-2020,296.6575012207031,30301300
28-08-2020,294.2175064086914,17157400
31-08-2020,293.89500427246094,17345100
01-09-2020,296.0874938964844,17295900
02-09-2020,299.5074996948242,24341400
03-09-2020,292.08499908447266,32294100
04-09-2020,282.5300064086914,30333700
08-09-2020,272.79000091552734,24864000
09-09-2020,274.8300018310547,22918800
10-09-2020,272.44750213623047,24814700
11-09-2020,267.6750030517578,18913900
14-09-2020,269.8600082397461,24093800
15-09-2020,271.72750091552734,18478500
16-09-2020,266.26000213623047,29183400
17-09-2020,256.19750213623047,31281400
18-09-2020,255.04500198364258,28130800
21-09-2020,247.44249725341797,24709400
22-09-2020,252.9000015258789,30293100
23-09-2020,252.60499572753906,19641300
24-09-2020,248.4724998474121,20006800
25-09-2020,251.64500045776367,18351300
28-09-2020,257.6600036621094,18826300
29-09-2020,259.9574966430664,20200200
30-09-2020,262.51499938964844,20142500
01-10-2020,266.2774963378906,20009800
02-10-2020,261.3699951171875,16367600
05-10-2020,263.13999938964844,12822300
06-10-2020,261.0924987792969,18696900
07-10-2020,258.0824966430664,23133400
08-10-2020,261.8199996948242,16312800
09-10-2020,263.9725036621094,14107800
12-10-2020,273.5,31019300
13-10-2020,276.55250549316406,18063300
14-10-2020,274.92250061035156,15577800
15-10-2020,266.75750732421875,15416100
16-10-2020,267.4949951171875,16622700
19-10-2020,263.8399963378906,13587000
20-10-2020,265.8000030517578,18763200
21-10-2020,279.42749786376953,28998600
22-10-2020,278.87000274658203,16720000
23-10-2020,281.4124984741211,17535200
26-10-2020,279.94000244140625,21322900
27-10-2020,280.7175064086914,16287200
28-10-2020,273.1275100708008,23121800
29-10-2020,278.6899948120117,32368100
30-10-2020,268.35250091552734,47247800
02-11-2020,263.44249725341797,27165700
03-11-2020,264.84749603271484,17961900
04-11-2020,283.98500061035156,35364400
05-11-2020,293.22750091552734,23823600
06-11-2020,292.5050048828125,13891000
09-11-2020,284.93749237060547,25117700
10-11-2020,270.8824996948242,29067700
11-11-2020,275.20750427246094,14957000
12-11-2020,276.60999298095703,12899500
13-11-2020,276.38250732421875,10391200
16-11-2020,277.0124969482422,12970400
17-11-2020,275.9124984741211,15040300
18-11-2020,273.9300003051758,12152900
19-11-2020,271.6549987792969,12963700
20-11-2020,271.1675033569336,18114700
23-11-2020,268.7000045776367,20990800
24-11-2020,272.7750015258789,16930400
25-11-2020,276.63999938964844,12467000
27-11-2020,277.2875061035156,7808400
30-11-2020,275.42750549316406,16693300
01-12-2020,283.49249267578125,20738900
02-12-2020,286.3724899291992,17361600
03-12-2020,283.9550018310547,12921700
04-12-2020,280.6899948120117,10880300
07-12-2020,282.86499786376953,13007700
08-12-2020,284.34749603271484,10747700
09-12-2020,280.24000549316406,25189700
10-12-2020,275.8125,20065100
11-12-2020,273.70249938964844,14391400
14-12-2020,274.08499908447266,16376900
15-12-2020,273.4824905395508,23979500
16-12-2020,275.2000045776367,15885000
17-12-2020,276.4000015258789,16377800
18-12-2020,275.32749938964844,26693200
21-12-2020,272.05751037597656,16553700
22-12-2020,268.6800003051758,17312900
23-12-2020,268.3500061035156,14329000
24-12-2020,268.2200012207031,6702000
28-12-2020,272.1749954223633,23299700
29-12-2020,277.6300048828125,16383000
30-12-2020,274.9024963378906,11803800
31-12-2020,273.01499938964844,12900400
04-01-2021,270.9800033569336,15106100
05-01-2021,269.9674987792969,9871600
06-01-2021,263.2675018310547,24354100
07-01-2021,267.7574920654297,15789800
08-01-2021,267.00250244140625,18528300
11-01-2021,259.17250061035156,30412300
12-01-2021,254.43500137329102,26383500
13-01-2021,251.58499908447266,19528900
14-01-2021,249.6699981689453,29739400
15-01-2021,250.06999969482422,24942900
19-01-2021,258.2300033569336,28028500
20-01-2021,267.58250427246094,25199900
21-01-2021,270.8050003051758,20838700
22-01-2021,274.24500274658203,21954000
25-01-2021,276.9400100708008,19087000
26-01-2021,280.8475036621094,19373600
27-01-2021,276.5600051879883,35346200
28-01-2021,273.4175033569336,37758800
29-01-2021,261.25999450683594,30389500
01-02-2021,260.15250396728516,22914300
02-02-2021,265.7999954223633,17320800
03-02-2021,266.32749938964844,14223400
04-02-2021,266.41500091552734,16060000
05-02-2021,267.4350051879883,12454400
08-02-2021,267.54749298095703,13755200
09-02-2021,268.75750732421875,14613400
10-02-2021,271.45999908447266,14687200
11-02-2021,271.0875015258789,12828600
12-02-2021,270.13499450683594,9097600
16-02-2021,272.85499572753906,15417200
17-02-2021,272.0899963378906,12763200
18-02-2021,269.2350082397461,15249100
19-02-2021,265.4599914550781,25622600
22-02-2021,259.7200012207031,17434900
23-02-2021,261.94499588012695,21924600
24-02-2021,262.85250091552734,15736100
25-02-2021,259.4924964904785,19053100
26-02-2021,259.0274963378906,26619500
01-03-2021,262.5699996948242,22157300
02-03-2021,262.53499603271484,15191700
03-03-2021,257.94750213623047,15513500
04-03-2021,258.5250015258789,31626500
05-03-2021,261.5025062561035,26820100
08-03-2021,260.3724937438965,18391800
09-03-2021,263.8149948120117,22039700
10-03-2021,266.3450012207031,14210300
11-03-2021,271.92749786376953,21834000
12-03-2021,267.8249969482422,20600200
15-03-2021,271.82249450683594,16844800
16-03-2021,278.0749969482422,22437700
17-03-2021,280.34000396728516,21315000
18-03-2021,280.48999786376953,18728300
19-03-2021,286.3324966430664,38930500
22-03-2021,292.6125030517578,28273100
23-03-2021,292.89749908447266,23000900
24-03-2021,286.5050048828125,18675000
25-03-2021,281.3824996948242,24505600
26-03-2021,280.8974914550781,17629200
29-03-2021,288.6175003051758,21718800
30-03-2021,289.25,17474500
31-03-2021,292.4074935913086,19498200
01-04-2021,299.01499938964844,17616000
05-04-2021,305.3125,28237000
06-04-2021,307.9250030517578,17335200
07-04-2021,309.7949981689453,22855200
08-04-2021,313.4499969482422,20894100
09-04-2021,312.2324905395508,15988600
12-04-2021,310.66749572753906,10881900
13-04-2021,311.4300003051758,14036900
14-04-2021,305.0250015258789,17421400
15-04-2021,307.1000061035156,14558300
16-04-2021,306.97750091552734,13059200
19-04-2021,303.87750244140625,14553500
20-04-2021,301.7374954223633,16796400
21-04-2021,300.697509765625,14863500
22-04-2021,299.20249938964844,16375400
23-04-2021,299.9075012207031,17536800
26-04-2021,303.43499755859375,16172600
27-04-2021,303.5749969482422,15309300
28-04-2021,307.6875,33907200
29-04-2021,328.2624969482422,56526800
30-04-2021,326.38500213623047,26332400
03-05-2021,324.78499603271484,18719500
04-05-2021,318.42249298095703,24032600
05-05-2021,317.1899948120117,15577600
06-05-2021,317.01248931884766,19012200
07-05-2021,320.7874984741211,15916700
10-05-2021,309.9324951171875,24239200
11-05-2021,303.45249938964844,18920100
12-05-2021,301.7074966430664,24645500
13-05-2021,305.74249267578125,18079200
14-05-2021,312.85250091552734,19245700
17-05-2021,314.06748962402344,15401300
18-05-2021,312.9649963378906,14522400
19-05-2021,309.00250244140625,19106200
20-05-2021,316.1499938964844,17320200
21-05-2021,317.81500244140625,13600900
24-05-2021,321.7050018310547,16445400
25-05-2021,327.2124938964844,16437000
26-05-2021,327.91500091552734,9686900
27-05-2021,330.32250213623047,20477700
28-05-2021,330.2324981689453,12037400
01-06-2021,329.3350067138672,11765900
02-06-2021,329.62999725341797,11654300
03-06-2021,325.67000579833984,12610800
04-06-2021,328.47249603271484,13289400
07-06-2021,333.1699981689453,20136700
08-06-2021,335.22999572753906,14580500
09-06-2021,333.19749450683594,13727900
10-06-2021,331.43499755859375,13240200
11-06-2021,331.3999938964844,13587900
14-06-2021,333.8249969482422,12250800
15-06-2021,337.17250061035156,15795200
16-06-2021,333.5124969482422,17232200
17-06-2021,333.7825012207031,17794100
18-06-2021,332.33499908447266,23039500
21-06-2021,330.9875030517578,11337500
22-06-2021,336.0600051879883,15345300
23-06-2021,340.39000701904297,14817800
24-06-2021,342.9300003051758,12329100
25-06-2021,341.9399948120117,14594400
28-06-2021,349.50250244140625,29156100
29-06-2021,353.4874954223633,21417300
30-06-2021,349.9925079345703,15107500
01-07-2021,350.59500885009766,17137000
02-07-2021,354.71500396728516,11521300
06-07-2021,354.3125,13488500
07-07-2021,353.05999755859375,14218900
08-07-2021,345.56749725341797,14406500
09-07-2021,347.9300003051758,13018700
12-07-2021,352.0550079345703,10018600
13-07-2021,352.7199935913086,11456000
14-07-2021,351.0300064086914,13894200
15-07-2021,345.7850036621094,14781600
16-07-2021,343.0500030517578,11026100
19-07-2021,337.21250915527344,14372300
20-07-2021,339.60250091552734,11024300
21-07-2021,343.875,9279700
22-07-2021,348.6549987792969,12385400
23-07-2021,365.8050003051758,33694300
26-07-2021,371.1749954223633,14925200
27-07-2021,369.35499572753906,15705400
28-07-2021,373.07999420166016,29676900
29-07-2021,360.3949966430664,33413200
30-07-2021,355.9925003051758,15976200
02-08-2021,355.04750061035156,13180400
03-08-2021,351.36000061035156,12406100
04-08-2021,355.83251190185547,14180600
05-08-2021,360.85250091552734,10247200
06-08-2021,362.86499786376953,8925000
09-08-2021,362.9749984741211,7798900
10-08-2021,361.5250015258789,7469900
11-08-2021,360.5574951171875,8400300
12-08-2021,360.30249786376953,7170700
13-08-2021,363.07250213623047,7195700
16-08-2021,363.35250091552734,11222100
17-08-2021,360.2925109863281,12328700
18-08-2021,356.67749786376953,10042400
19-08-2021,353.76000213623047,12004500
20-08-2021,356.81749725341797,8697700
23-08-2021,361.89500427246094,10942000
24-08-2021,364.7425003051758,9235100
25-08-2021,367.5625,9684500
26-08-2021,366.58250427246094,7888700
27-08-2021,368.8874969482422,11219100
30-08-2021,376.3074951171875,13547300
31-08-2021,380.2225036621094,12345400
01-09-2021,381.1949920654297,11567200
02-09-2021,378.14749908447266,14832900
03-09-2021,375.3199996948242,7509600
07-09-2021,378.54249572753906,10793800
08-09-2021,378.3475036621094,11067200
09-09-2021,378.01000213623047,9098900
10-09-2021,380.5250015258789,11549600
13-09-2021,378.57250213623047,13026300
14-09-2021,376.9074935913086,8711600
15-09-2021,374.0375061035156,17940300
16-09-2021,372.2799987792969,11934200
17-09-2021,367.2825012207031,26299000
20-09-2021,356.4574966430664,19822800
21-09-2021,357.80250549316406,11751900
22-09-2021,345.2425003051758,43692900
23-09-2021,345.99749755859375,21806300
24-09-2021,348.22999572753906,18801900
27-09-2021,351.40499114990234,15205800
28-09-2021,344.2850036621094,21710300
29-09-2021,341.7174987792969,14452200
30-09-2021,340.19750213623047,16547100
01-10-2021,342.0699996948242,14905300
04-10-2021,330.1000061035156,42885000
05-10-2021,330.7199935913086,35377900
06-10-2021,330.88999938964844,26443000
07-10-2021,333.51000213623047,28307500
08-10-2021,330.91749572753906,15946100
11-10-2021,327.2125015258789,14708200
12-10-2021,322.1374969482422,31658700
13-10-2021,325.2925033569336,14761500
14-10-2021,328.6274948120117,14302200
15-10-2021,326.2550048828125,21596400
18-10-2021,331.92000579833984,21585000
19-10-2021,339.8449935913086,18786300
20-10-2021,341.9150085449219,13639500
21-10-2021,340.56749725341797,16354400
22-10-2021,325.4249954223633,35224500
25-10-2021,324.56749725341797,38409000
26-10-2021,320.9700012207031,65654000
27-10-2021,314.4300003051758,29971800
28-10-2021,315.88499450683594,50806800
29-10-2021,322.34000396728516,37059400
01-11-2021,328.8675079345703,31518900
02-11-2021,329.5124969482422,28353000
03-11-2021,328.61499786376953,20786500
04-11-2021,334.9449996948242,22495300
05-11-2021,341.9675064086914,26872800
08-11-2021,341.5425033569336,18342500
09-11-2021,337.7874984741211,17556700
10-11-2021,329.70750427246094,21872600
11-11-2021,329.25499725341797,12376600
12-11-2021,335.67749786376953,25414300
15-11-2021,347.1875,25076600
16-11-2021,343.5774917602539,18181100
17-11-2021,343.1024932861328,13602800
18-11-2021,339.04249572753906,17487200
19-11-2021,344.875,26488500
22-11-2021,346.0999984741211,27116800
23-11-2021,337.7699966430664,17225000
24-11-2021,337.9124984741211,13566200
26-11-2021,334.64249420166016,14750700
29-11-2021,337.7250061035156,16650900
30-11-2021,329.6749954223633,25390000
01-12-2021,320.42000579833984,30329600
02-12-2021,310.8975067138672,24396200
03-12-2021,308.4550018310547,27471000
06-12-2021,313.11000061035156,21758300
07-12-2021,322.9800033569336,18794000
08-12-2021,327.8450012207031,19937700
09-12-2021,330.8725051879883,16879200
10-12-2021,330.92749786376953,14528000
13-12-2021,334.0299987792969,22948700
14-12-2021,331.28499603271484,20461000
15-12-2021,335.05999755859375,24681300
16-12-2021,338.0199966430664,22635000
17-12-2021,333.6124954223633,40012600
20-12-2021,326.91500091552734,17901800
21-12-2021,330.09000396728516,16116800
22-12-2021,331.7550048828125,16764600
23-12-2021,332.5924987792969,13987700
27-12-2021,342.72750091552734,17795000
28-12-2021,347.69000244140625,16637600
29-12-2021,345.29500579833984,10747000
30-12-2021,344.70249938964844,10593300
31-12-2021,339.7699966430664,12870500
03-01-2022,338.7774963378906,14537900
04-01-2022,337.86000061035156,15998000
05-01-2022,329.19750213623047,20564500
06-01-2022,329.2925033569336,27962800
07-01-2022,332.60250091552734,14722000
10-01-2022,324.2874984741211,24942400
11-01-2022,330.26499938964844,16226800
12-01-2022,333.70999908447266,14104900
13-01-2022,330.71250915527344,14797100
14-01-2022,326.9075012207031,16868500
18-01-2022,320.82250213623047,22645600
19-01-2022,321.3999938964844,20814700
20-01-2022,321.06500244140625,16925000
21-01-2022,309.83250427246094,28710700
24-01-2022,301.27249908447266,38878100
25-01-2022,300.97750091552734,25108500
26-01-2022,300.00000762939453,28348800
27-01-2022,297.09000396728516,21629900
28-01-2022,298.0649948120117,21871600
31-01-2022,306.7625045776367,21579500
01-02-2022,316.33499908447266,18023800
02-02-2022,323.92250061035156,58458300
03-02-2022,241.53999710083008,188119900
04-02-2022,236.19499969482422,89342200
07-02-2022,231.22999954223633,88613800
08-02-2022,220.73749923706055,94729700
09-02-2022,227.94499969482422,86563300
10-02-2022,229.51000213623047,49310400
11-02-2022,224.3000030517578,46156900
14-02-2022,218.1974983215332,38184000
15-02-2022,219.4199981689453,42685500
16-02-2022,214.69250106811523,45817500
17-02-2022,211.59750366210938,38747500
18-02-2022,207.86999893188477,37128400
22-02-2022,202.98999786376953,39852400
23-02-2022,201.9000015258789,44481400
24-02-2022,199.30750274658203,49957200
25-02-2022,207.47999954223633,37627600
28-02-2022,209.6724967956543,34239800
01-03-2022,206.83250045776367,27094900
02-03-2022,206.01499938964844,29452100
03-03-2022,205.62250137329102,27263500
04-03-2022,201.77749633789062,32130900
07-03-2022,194.1074981689453,38560600
08-03-2022,190.23749923706055,37508100
09-03-2022,196.81500244140625,31894700
10-03-2022,194.35000228881836,24853000
11-03-2022,190.11999893188477,34656900
14-03-2022,188.44624710083008,14849376
